mode,from_label,to_label,success,write_overhead_ms,feedback_ms,stable_ms,status_repr
cpu,default,default,1,1.001611,7.744429,32.150433,"{'policy0': {'min_khz': 54000, 'max_khz': 2601000, 'cur_khz': 54000}, 'policy10': {'min_khz': 54000, 'max_khz': 2601000, 'cur_khz': 1350000}, 'policy12': {'min_khz': 54000, 'max_khz': 2601000, 'cur_khz': 54000}, 'policy2': {'min_khz': 54000, 'max_khz': 2601000, 'cur_khz': 54000}, 'policy4': {'min_khz': 54000, 'max_khz': 2601000, 'cur_khz': 54000}, 'policy6': {'min_khz': 54000, 'max_khz': 2601000, 'cur_khz': 54000}, 'policy8': {'min_khz': 54000, 'max_khz': 2601000, 'cur_khz': 108000}}"
cpu,default,648MHz,1,0.881528,12.872108,26.71829,"{'policy0': {'min_khz': 648000, 'max_khz': 648000, 'cur_khz': 648000}, 'policy10': {'min_khz': 648000, 'max_khz': 648000, 'cur_khz': 648000}, 'policy12': {'min_khz': 648000, 'max_khz': 648000, 'cur_khz': 648000}, 'policy2': {'min_khz': 648000, 'max_khz': 648000, 'cur_khz': 648000}, 'policy4': {'min_khz': 648000, 'max_khz': 648000, 'cur_khz': 648000}, 'policy6': {'min_khz': 648000, 'max_khz': 648000, 'cur_khz': 648000}, 'policy8': {'min_khz': 648000, 'max_khz': 648000, 'cur_khz': 648000}}"
cpu,default,972MHz,1,0.880814,5.95202,20.603805,"{'policy0': {'min_khz': 972000, 'max_khz': 972000, 'cur_khz': 972000}, 'policy10': {'min_khz': 972000, 'max_khz': 972000, 'cur_khz': 972000}, 'policy12': {'min_khz': 972000, 'max_khz': 972000, 'cur_khz': 972000}, 'policy2': {'min_khz': 972000, 'max_khz': 972000, 'cur_khz': 972000}, 'policy4': {'min_khz': 972000, 'max_khz': 972000, 'cur_khz': 972000}, 'policy6': {'min_khz': 972000, 'max_khz': 972000, 'cur_khz': 972000}, 'policy8': {'min_khz': 972000, 'max_khz': 972000, 'cur_khz': 972000}}"
cpu,default,1.242GHz,1,2.241473,4.855317,18.257526,"{'policy0': {'min_khz': 1242000, 'max_khz': 1242000, 'cur_khz': 1242000}, 'policy10': {'min_khz': 1242000, 'max_khz': 1242000, 'cur_khz': 1242000}, 'policy12': {'min_khz': 1242000, 'max_khz': 1242000, 'cur_khz': 1242000}, 'policy2': {'min_khz': 1242000, 'max_khz': 1242000, 'cur_khz': 1242000}, 'policy4': {'min_khz': 1242000, 'max_khz': 1242000, 'cur_khz': 1242000}, 'policy6': {'min_khz': 1242000, 'max_khz': 1242000, 'cur_khz': 1242000}, 'policy8': {'min_khz': 1242000, 'max_khz': 1242000, 'cur_khz': 1242000}}"
cpu,default,1.566GHz,1,1.345594,12.053265,25.348123,"{'policy0': {'min_khz': 1566000, 'max_khz': 1566000, 'cur_khz': 1566000}, 'policy10': {'min_khz': 1566000, 'max_khz': 1566000, 'cur_khz': 1566000}, 'policy12': {'min_khz': 1566000, 'max_khz': 1566000, 'cur_khz': 1566000}, 'policy2': {'min_khz': 1566000, 'max_khz': 1566000, 'cur_khz': 1566000}, 'policy4': {'min_khz': 1566000, 'max_khz': 1566000, 'cur_khz': 1566000}, 'policy6': {'min_khz': 1566000, 'max_khz': 1566000, 'cur_khz': 1566000}, 'policy8': {'min_khz': 1566000, 'max_khz': 1566000, 'cur_khz': 1566000}}"
cpu,default,1.836GHz,1,4.907716,7.992883,19.921259,"{'policy0': {'min_khz': 1836000, 'max_khz': 1836000, 'cur_khz': 1836000}, 'policy10': {'min_khz': 1836000, 'max_khz': 1836000, 'cur_khz': 1836000}, 'policy12': {'min_khz': 1836000, 'max_khz': 1836000, 'cur_khz': 1836000}, 'policy2': {'min_khz': 1836000, 'max_khz': 1836000, 'cur_khz': 1836000}, 'policy4': {'min_khz': 1836000, 'max_khz': 1836000, 'cur_khz': 1836000}, 'policy6': {'min_khz': 1836000, 'max_khz': 1836000, 'cur_khz': 1836000}, 'policy8': {'min_khz': 1836000, 'max_khz': 1836000, 'cur_khz': 1836000}}"
cpu,default,2.160GHz,1,1.322666,13.742311,25.921502,"{'policy0': {'min_khz': 2160000, 'max_khz': 2160000, 'cur_khz': 2160000}, 'policy10': {'min_khz': 2160000, 'max_khz': 2160000, 'cur_khz': 2160000}, 'policy12': {'min_khz': 2160000, 'max_khz': 2160000, 'cur_khz': 2160000}, 'policy2': {'min_khz': 2160000, 'max_khz': 2160000, 'cur_khz': 2160000}, 'policy4': {'min_khz': 2160000, 'max_khz': 2160000, 'cur_khz': 2160000}, 'policy6': {'min_khz': 2160000, 'max_khz': 2160000, 'cur_khz': 2160000}, 'policy8': {'min_khz': 2160000, 'max_khz': 2160000, 'cur_khz': 2160000}}"
cpu,default,2.430GHz,1,0.895629,2.086825,14.090339,"{'policy0': {'min_khz': 2430000, 'max_khz': 2430000, 'cur_khz': 2430000}, 'policy10': {'min_khz': 2430000, 'max_khz': 2430000, 'cur_khz': 2430000}, 'policy12': {'min_khz': 2430000, 'max_khz': 2430000, 'cur_khz': 2430000}, 'policy2': {'min_khz': 2430000, 'max_khz': 2430000, 'cur_khz': 2430000}, 'policy4': {'min_khz': 2430000, 'max_khz': 2430000, 'cur_khz': 2430000}, 'policy6': {'min_khz': 2430000, 'max_khz': 2430000, 'cur_khz': 2430000}, 'policy8': {'min_khz': 2430000, 'max_khz': 2430000, 'cur_khz': 2430000}}"
cpu,default,2.601GHz,1,1.98363,5.101872,18.433536,"{'policy0': {'min_khz': 2601000, 'max_khz': 2601000, 'cur_khz': 2601000}, 'policy10': {'min_khz': 2601000, 'max_khz': 2601000, 'cur_khz': 2601000}, 'policy12': {'min_khz': 2601000, 'max_khz': 2601000, 'cur_khz': 2601000}, 'policy2': {'min_khz': 2601000, 'max_khz': 2601000, 'cur_khz': 2601000}, 'policy4': {'min_khz': 2601000, 'max_khz': 2601000, 'cur_khz': 2601000}, 'policy6': {'min_khz': 2601000, 'max_khz': 2601000, 'cur_khz': 2601000}, 'policy8': {'min_khz': 2601000, 'max_khz': 2601000, 'cur_khz': 2601000}}"
cpu,648MHz,default,1,1.889779,16.624666,44.580485,"{'policy0': {'min_khz': 54000, 'max_khz': 2601000, 'cur_khz': 54000}, 'policy10': {'min_khz': 54000, 'max_khz': 2601000, 'cur_khz': 54000}, 'policy12': {'min_khz': 54000, 'max_khz': 2601000, 'cur_khz': 324000}, 'policy2': {'min_khz': 54000, 'max_khz': 2601000, 'cur_khz': 54000}, 'policy4': {'min_khz': 54000, 'max_khz': 2601000, 'cur_khz': 108000}, 'policy6': {'min_khz': 54000, 'max_khz': 2601000, 'cur_khz': 54000}, 'policy8': {'min_khz': 54000, 'max_khz': 2601000, 'cur_khz': 54000}}"
cpu,648MHz,648MHz,1,1.05725,3.339686,17.491026,"{'policy0': {'min_khz': 648000, 'max_khz': 648000, 'cur_khz': 648000}, 'policy10': {'min_khz': 648000, 'max_khz': 648000, 'cur_khz': 648000}, 'policy12': {'min_khz': 648000, 'max_khz': 648000, 'cur_khz': 648000}, 'policy2': {'min_khz': 648000, 'max_khz': 648000, 'cur_khz': 648000}, 'policy4': {'min_khz': 648000, 'max_khz': 648000, 'cur_khz': 648000}, 'policy6': {'min_khz': 648000, 'max_khz': 648000, 'cur_khz': 648000}, 'policy8': {'min_khz': 648000, 'max_khz': 648000, 'cur_khz': 648000}}"
cpu,648MHz,972MHz,1,1.358593,3.538363,16.939517,"{'policy0': {'min_khz': 972000, 'max_khz': 972000, 'cur_khz': 972000}, 'policy10': {'min_khz': 972000, 'max_khz': 972000, 'cur_khz': 972000}, 'policy12': {'min_khz': 972000, 'max_khz': 972000, 'cur_khz': 972000}, 'policy2': {'min_khz': 972000, 'max_khz': 972000, 'cur_khz': 972000}, 'policy4': {'min_khz': 972000, 'max_khz': 972000, 'cur_khz': 972000}, 'policy6': {'min_khz': 972000, 'max_khz': 972000, 'cur_khz': 972000}, 'policy8': {'min_khz': 972000, 'max_khz': 972000, 'cur_khz': 972000}}"
cpu,648MHz,1.242GHz,1,0.910639,8.980467,21.514908,"{'policy0': {'min_khz': 1242000, 'max_khz': 1242000, 'cur_khz': 1242000}, 'policy10': {'min_khz': 1242000, 'max_khz': 1242000, 'cur_khz': 1242000}, 'policy12': {'min_khz': 1242000, 'max_khz': 1242000, 'cur_khz': 1242000}, 'policy2': {'min_khz': 1242000, 'max_khz': 1242000, 'cur_khz': 1242000}, 'policy4': {'min_khz': 1242000, 'max_khz': 1242000, 'cur_khz': 1242000}, 'policy6': {'min_khz': 1242000, 'max_khz': 1242000, 'cur_khz': 1242000}, 'policy8': {'min_khz': 1242000, 'max_khz': 1242000, 'cur_khz': 1242000}}"
cpu,648MHz,1.566GHz,1,0.946936,9.900912,22.13227,"{'policy0': {'min_khz': 1566000, 'max_khz': 1566000, 'cur_khz': 1566000}, 'policy10': {'min_khz': 1566000, 'max_khz': 1566000, 'cur_khz': 1566000}, 'policy12': {'min_khz': 1566000, 'max_khz': 1566000, 'cur_khz': 1566000}, 'policy2': {'min_khz': 1566000, 'max_khz': 1566000, 'cur_khz': 1566000}, 'policy4': {'min_khz': 1566000, 'max_khz': 1566000, 'cur_khz': 1566000}, 'policy6': {'min_khz': 1566000, 'max_khz': 1566000, 'cur_khz': 1566000}, 'policy8': {'min_khz': 1566000, 'max_khz': 1566000, 'cur_khz': 1566000}}"
cpu,648MHz,1.836GHz,1,1.112279,9.086634,21.111639,"{'policy0': {'min_khz': 1836000, 'max_khz': 1836000, 'cur_khz': 1836000}, 'policy10': {'min_khz': 1836000, 'max_khz': 1836000, 'cur_khz': 1836000}, 'policy12': {'min_khz': 1836000, 'max_khz': 1836000, 'cur_khz': 1836000}, 'policy2': {'min_khz': 1836000, 'max_khz': 1836000, 'cur_khz': 1836000}, 'policy4': {'min_khz': 1836000, 'max_khz': 1836000, 'cur_khz': 1836000}, 'policy6': {'min_khz': 1836000, 'max_khz': 1836000, 'cur_khz': 1836000}, 'policy8': {'min_khz': 1836000, 'max_khz': 1836000, 'cur_khz': 1836000}}"
cpu,648MHz,2.160GHz,1,1.036759,11.317301,23.270909,"{'policy0': {'min_khz': 2160000, 'max_khz': 2160000, 'cur_khz': 2160000}, 'policy10': {'min_khz': 2160000, 'max_khz': 2160000, 'cur_khz': 2160000}, 'policy12': {'min_khz': 2160000, 'max_khz': 2160000, 'cur_khz': 2160000}, 'policy2': {'min_khz': 2160000, 'max_khz': 2160000, 'cur_khz': 2160000}, 'policy4': {'min_khz': 2160000, 'max_khz': 2160000, 'cur_khz': 2160000}, 'policy6': {'min_khz': 2160000, 'max_khz': 2160000, 'cur_khz': 2160000}, 'policy8': {'min_khz': 2160000, 'max_khz': 2160000, 'cur_khz': 2160000}}"
cpu,648MHz,2.430GHz,1,1.137972,2.265186,14.607627,"{'policy0': {'min_khz': 2430000, 'max_khz': 2430000, 'cur_khz': 2430000}, 'policy10': {'min_khz': 2430000, 'max_khz': 2430000, 'cur_khz': 2430000}, 'policy12': {'min_khz': 2430000, 'max_khz': 2430000, 'cur_khz': 2430000}, 'policy2': {'min_khz': 2430000, 'max_khz': 2430000, 'cur_khz': 2430000}, 'policy4': {'min_khz': 2430000, 'max_khz': 2430000, 'cur_khz': 2430000}, 'policy6': {'min_khz': 2430000, 'max_khz': 2430000, 'cur_khz': 2430000}, 'policy8': {'min_khz': 2430000, 'max_khz': 2430000, 'cur_khz': 2430000}}"
cpu,648MHz,2.601GHz,1,1.127037,2.764093,15.276488,"{'policy0': {'min_khz': 2601000, 'max_khz': 2601000, 'cur_khz': 2601000}, 'policy10': {'min_khz': 2601000, 'max_khz': 2601000, 'cur_khz': 2601000}, 'policy12': {'min_khz': 2601000, 'max_khz': 2601000, 'cur_khz': 2601000}, 'policy2': {'min_khz': 2601000, 'max_khz': 2601000, 'cur_khz': 2601000}, 'policy4': {'min_khz': 2601000, 'max_khz': 2601000, 'cur_khz': 2601000}, 'policy6': {'min_khz': 2601000, 'max_khz': 2601000, 'cur_khz': 2601000}, 'policy8': {'min_khz': 2601000, 'max_khz': 2601000, 'cur_khz': 2601000}}"
cpu,972MHz,default,1,1.28349,21.304184,50.762068,"{'policy0': {'min_khz': 54000, 'max_khz': 2601000, 'cur_khz': 270000}, 'policy10': {'min_khz': 54000, 'max_khz': 2601000, 'cur_khz': 378000}, 'policy12': {'min_khz': 54000, 'max_khz': 2601000, 'cur_khz': 1890000}, 'policy2': {'min_khz': 54000, 'max_khz': 2601000, 'cur_khz': 54000}, 'policy4': {'min_khz': 54000, 'max_khz': 2601000, 'cur_khz': 54000}, 'policy6': {'min_khz': 54000, 'max_khz': 2601000, 'cur_khz': 54000}, 'policy8': {'min_khz': 54000, 'max_khz': 2601000, 'cur_khz': 54000}}"
cpu,972MHz,648MHz,1,1.511427,3.850493,18.093573,"{'policy0': {'min_khz': 648000, 'max_khz': 648000, 'cur_khz': 648000}, 'policy10': {'min_khz': 648000, 'max_khz': 648000, 'cur_khz': 648000}, 'policy12': {'min_khz': 648000, 'max_khz': 648000, 'cur_khz': 648000}, 'policy2': {'min_khz': 648000, 'max_khz': 648000, 'cur_khz': 648000}, 'policy4': {'min_khz': 648000, 'max_khz': 648000, 'cur_khz': 648000}, 'policy6': {'min_khz': 648000, 'max_khz': 648000, 'cur_khz': 648000}, 'policy8': {'min_khz': 648000, 'max_khz': 648000, 'cur_khz': 648000}}"
cpu,972MHz,972MHz,1,0.624686,3.102567,16.238796,"{'policy0': {'min_khz': 972000, 'max_khz': 972000, 'cur_khz': 972000}, 'policy10': {'min_khz': 972000, 'max_khz': 972000, 'cur_khz': 972000}, 'policy12': {'min_khz': 972000, 'max_khz': 972000, 'cur_khz': 972000}, 'policy2': {'min_khz': 972000, 'max_khz': 972000, 'cur_khz': 972000}, 'policy4': {'min_khz': 972000, 'max_khz': 972000, 'cur_khz': 972000}, 'policy6': {'min_khz': 972000, 'max_khz': 972000, 'cur_khz': 972000}, 'policy8': {'min_khz': 972000, 'max_khz': 972000, 'cur_khz': 972000}}"
cpu,972MHz,1.242GHz,1,0.821185,10.228912,22.886622,"{'policy0': {'min_khz': 1242000, 'max_khz': 1242000, 'cur_khz': 1242000}, 'policy10': {'min_khz': 1242000, 'max_khz': 1242000, 'cur_khz': 1242000}, 'policy12': {'min_khz': 1242000, 'max_khz': 1242000, 'cur_khz': 1242000}, 'policy2': {'min_khz': 1242000, 'max_khz': 1242000, 'cur_khz': 1242000}, 'policy4': {'min_khz': 1242000, 'max_khz': 1242000, 'cur_khz': 1242000}, 'policy6': {'min_khz': 1242000, 'max_khz': 1242000, 'cur_khz': 1242000}, 'policy8': {'min_khz': 1242000, 'max_khz': 1242000, 'cur_khz': 1242000}}"
cpu,972MHz,1.566GHz,1,0.691659,9.308746,22.30454,"{'policy0': {'min_khz': 1566000, 'max_khz': 1566000, 'cur_khz': 1566000}, 'policy10': {'min_khz': 1566000, 'max_khz': 1566000, 'cur_khz': 1566000}, 'policy12': {'min_khz': 1566000, 'max_khz': 1566000, 'cur_khz': 1566000}, 'policy2': {'min_khz': 1566000, 'max_khz': 1566000, 'cur_khz': 1566000}, 'policy4': {'min_khz': 1566000, 'max_khz': 1566000, 'cur_khz': 1566000}, 'policy6': {'min_khz': 1566000, 'max_khz': 1566000, 'cur_khz': 1566000}, 'policy8': {'min_khz': 1566000, 'max_khz': 1566000, 'cur_khz': 1566000}}"
cpu,972MHz,1.836GHz,1,0.618149,1.393825,13.457868,"{'policy0': {'min_khz': 1836000, 'max_khz': 1836000, 'cur_khz': 1836000}, 'policy10': {'min_khz': 1836000, 'max_khz': 1836000, 'cur_khz': 1836000}, 'policy12': {'min_khz': 1836000, 'max_khz': 1836000, 'cur_khz': 1836000}, 'policy2': {'min_khz': 1836000, 'max_khz': 1836000, 'cur_khz': 1836000}, 'policy4': {'min_khz': 1836000, 'max_khz': 1836000, 'cur_khz': 1836000}, 'policy6': {'min_khz': 1836000, 'max_khz': 1836000, 'cur_khz': 1836000}, 'policy8': {'min_khz': 1836000, 'max_khz': 1836000, 'cur_khz': 1836000}}"
cpu,972MHz,2.160GHz,1,0.690444,1.872538,14.041609,"{'policy0': {'min_khz': 2160000, 'max_khz': 2160000, 'cur_khz': 2160000}, 'policy10': {'min_khz': 2160000, 'max_khz': 2160000, 'cur_khz': 2160000}, 'policy12': {'min_khz': 2160000, 'max_khz': 2160000, 'cur_khz': 2160000}, 'policy2': {'min_khz': 2160000, 'max_khz': 2160000, 'cur_khz': 2160000}, 'policy4': {'min_khz': 2160000, 'max_khz': 2160000, 'cur_khz': 2160000}, 'policy6': {'min_khz': 2160000, 'max_khz': 2160000, 'cur_khz': 2160000}, 'policy8': {'min_khz': 2160000, 'max_khz': 2160000, 'cur_khz': 2160000}}"
cpu,972MHz,2.430GHz,1,0.648862,2.310788,15.361211,"{'policy0': {'min_khz': 2430000, 'max_khz': 2430000, 'cur_khz': 2430000}, 'policy10': {'min_khz': 2430000, 'max_khz': 2430000, 'cur_khz': 2430000}, 'policy12': {'min_khz': 2430000, 'max_khz': 2430000, 'cur_khz': 2430000}, 'policy2': {'min_khz': 2430000, 'max_khz': 2430000, 'cur_khz': 2430000}, 'policy4': {'min_khz': 2430000, 'max_khz': 2430000, 'cur_khz': 2430000}, 'policy6': {'min_khz': 2430000, 'max_khz': 2430000, 'cur_khz': 2430000}, 'policy8': {'min_khz': 2430000, 'max_khz': 2430000, 'cur_khz': 2430000}}"
cpu,972MHz,2.601GHz,1,0.72801,14.363488,27.482493,"{'policy0': {'min_khz': 2601000, 'max_khz': 2601000, 'cur_khz': 2601000}, 'policy10': {'min_khz': 2601000, 'max_khz': 2601000, 'cur_khz': 2601000}, 'policy12': {'min_khz': 2601000, 'max_khz': 2601000, 'cur_khz': 2601000}, 'policy2': {'min_khz': 2601000, 'max_khz': 2601000, 'cur_khz': 2601000}, 'policy4': {'min_khz': 2601000, 'max_khz': 2601000, 'cur_khz': 2601000}, 'policy6': {'min_khz': 2601000, 'max_khz': 2601000, 'cur_khz': 2601000}, 'policy8': {'min_khz': 2601000, 'max_khz': 2601000, 'cur_khz': 2601000}}"
cpu,1.242GHz,default,1,1.180361,15.775979,43.152954,"{'policy0': {'min_khz': 54000, 'max_khz': 2601000, 'cur_khz': 324000}, 'policy10': {'min_khz': 54000, 'max_khz': 2601000, 'cur_khz': 54000}, 'policy12': {'min_khz': 54000, 'max_khz': 2601000, 'cur_khz': 432000}, 'policy2': {'min_khz': 54000, 'max_khz': 2601000, 'cur_khz': 108000}, 'policy4': {'min_khz': 54000, 'max_khz': 2601000, 'cur_khz': 54000}, 'policy6': {'min_khz': 54000, 'max_khz': 2601000, 'cur_khz': 54000}, 'policy8': {'min_khz': 54000, 'max_khz': 2601000, 'cur_khz': 54000}}"
cpu,1.242GHz,648MHz,1,0.500658,10.359894,24.113344,"{'policy0': {'min_khz': 648000, 'max_khz': 648000, 'cur_khz': 648000}, 'policy10': {'min_khz': 648000, 'max_khz': 648000, 'cur_khz': 648000}, 'policy12': {'min_khz': 648000, 'max_khz': 648000, 'cur_khz': 648000}, 'policy2': {'min_khz': 648000, 'max_khz': 648000, 'cur_khz': 648000}, 'policy4': {'min_khz': 648000, 'max_khz': 648000, 'cur_khz': 648000}, 'policy6': {'min_khz': 648000, 'max_khz': 648000, 'cur_khz': 648000}, 'policy8': {'min_khz': 648000, 'max_khz': 648000, 'cur_khz': 648000}}"
cpu,1.242GHz,972MHz,1,0.91575,3.495288,17.950203,"{'policy0': {'min_khz': 972000, 'max_khz': 972000, 'cur_khz': 972000}, 'policy10': {'min_khz': 972000, 'max_khz': 972000, 'cur_khz': 972000}, 'policy12': {'min_khz': 972000, 'max_khz': 972000, 'cur_khz': 972000}, 'policy2': {'min_khz': 972000, 'max_khz': 972000, 'cur_khz': 972000}, 'policy4': {'min_khz': 972000, 'max_khz': 972000, 'cur_khz': 972000}, 'policy6': {'min_khz': 972000, 'max_khz': 972000, 'cur_khz': 972000}, 'policy8': {'min_khz': 972000, 'max_khz': 972000, 'cur_khz': 972000}}"
cpu,1.242GHz,1.242GHz,1,0.497112,2.231983,19.686084,"{'policy0': {'min_khz': 1242000, 'max_khz': 1242000, 'cur_khz': 1242000}, 'policy10': {'min_khz': 1242000, 'max_khz': 1242000, 'cur_khz': 1242000}, 'policy12': {'min_khz': 1242000, 'max_khz': 1242000, 'cur_khz': 1242000}, 'policy2': {'min_khz': 1242000, 'max_khz': 1242000, 'cur_khz': 1242000}, 'policy4': {'min_khz': 1242000, 'max_khz': 1242000, 'cur_khz': 1242000}, 'policy6': {'min_khz': 1242000, 'max_khz': 1242000, 'cur_khz': 1242000}, 'policy8': {'min_khz': 1242000, 'max_khz': 1242000, 'cur_khz': 1242000}}"
cpu,1.242GHz,1.566GHz,1,1.028334,2.885224,15.849147,"{'policy0': {'min_khz': 1566000, 'max_khz': 1566000, 'cur_khz': 1566000}, 'policy10': {'min_khz': 1566000, 'max_khz': 1566000, 'cur_khz': 1566000}, 'policy12': {'min_khz': 1566000, 'max_khz': 1566000, 'cur_khz': 1566000}, 'policy2': {'min_khz': 1566000, 'max_khz': 1566000, 'cur_khz': 1566000}, 'policy4': {'min_khz': 1566000, 'max_khz': 1566000, 'cur_khz': 1566000}, 'policy6': {'min_khz': 1566000, 'max_khz': 1566000, 'cur_khz': 1566000}, 'policy8': {'min_khz': 1566000, 'max_khz': 1566000, 'cur_khz': 1566000}}"
cpu,1.242GHz,1.836GHz,1,0.862334,11.173645,24.328595,"{'policy0': {'min_khz': 1836000, 'max_khz': 1836000, 'cur_khz': 1836000}, 'policy10': {'min_khz': 1836000, 'max_khz': 1836000, 'cur_khz': 1836000}, 'policy12': {'min_khz': 1836000, 'max_khz': 1836000, 'cur_khz': 1836000}, 'policy2': {'min_khz': 1836000, 'max_khz': 1836000, 'cur_khz': 1836000}, 'policy4': {'min_khz': 1836000, 'max_khz': 1836000, 'cur_khz': 1836000}, 'policy6': {'min_khz': 1836000, 'max_khz': 1836000, 'cur_khz': 1836000}, 'policy8': {'min_khz': 1836000, 'max_khz': 1836000, 'cur_khz': 1836000}}"
cpu,1.242GHz,2.160GHz,1,0.484926,11.125506,23.024086,"{'policy0': {'min_khz': 2160000, 'max_khz': 2160000, 'cur_khz': 2160000}, 'policy10': {'min_khz': 2160000, 'max_khz': 2160000, 'cur_khz': 2160000}, 'policy12': {'min_khz': 2160000, 'max_khz': 2160000, 'cur_khz': 2160000}, 'policy2': {'min_khz': 2160000, 'max_khz': 2160000, 'cur_khz': 2160000}, 'policy4': {'min_khz': 2160000, 'max_khz': 2160000, 'cur_khz': 2160000}, 'policy6': {'min_khz': 2160000, 'max_khz': 2160000, 'cur_khz': 2160000}, 'policy8': {'min_khz': 2160000, 'max_khz': 2160000, 'cur_khz': 2160000}}"
cpu,1.242GHz,2.430GHz,1,0.852574,3.034001,15.775544,"{'policy0': {'min_khz': 2430000, 'max_khz': 2430000, 'cur_khz': 2430000}, 'policy10': {'min_khz': 2430000, 'max_khz': 2430000, 'cur_khz': 2430000}, 'policy12': {'min_khz': 2430000, 'max_khz': 2430000, 'cur_khz': 2430000}, 'policy2': {'min_khz': 2430000, 'max_khz': 2430000, 'cur_khz': 2430000}, 'policy4': {'min_khz': 2430000, 'max_khz': 2430000, 'cur_khz': 2430000}, 'policy6': {'min_khz': 2430000, 'max_khz': 2430000, 'cur_khz': 2430000}, 'policy8': {'min_khz': 2430000, 'max_khz': 2430000, 'cur_khz': 2430000}}"
cpu,1.242GHz,2.601GHz,1,0.622084,3.157372,15.795674,"{'policy0': {'min_khz': 2601000, 'max_khz': 2601000, 'cur_khz': 2601000}, 'policy10': {'min_khz': 2601000, 'max_khz': 2601000, 'cur_khz': 2601000}, 'policy12': {'min_khz': 2601000, 'max_khz': 2601000, 'cur_khz': 2601000}, 'policy2': {'min_khz': 2601000, 'max_khz': 2601000, 'cur_khz': 2601000}, 'policy4': {'min_khz': 2601000, 'max_khz': 2601000, 'cur_khz': 2601000}, 'policy6': {'min_khz': 2601000, 'max_khz': 2601000, 'cur_khz': 2601000}, 'policy8': {'min_khz': 2601000, 'max_khz': 2601000, 'cur_khz': 2601000}}"
cpu,1.566GHz,default,1,0.776297,16.038405,49.447994,"{'policy0': {'min_khz': 54000, 'max_khz': 2601000, 'cur_khz': 270000}, 'policy10': {'min_khz': 54000, 'max_khz': 2601000, 'cur_khz': 54000}, 'policy12': {'min_khz': 54000, 'max_khz': 2601000, 'cur_khz': 54000}, 'policy2': {'min_khz': 54000, 'max_khz': 2601000, 'cur_khz': 108000}, 'policy4': {'min_khz': 54000, 'max_khz': 2601000, 'cur_khz': 108000}, 'policy6': {'min_khz': 54000, 'max_khz': 2601000, 'cur_khz': 54000}, 'policy8': {'min_khz': 54000, 'max_khz': 2601000, 'cur_khz': 54000}}"
cpu,1.566GHz,648MHz,1,1.753037,4.459252,19.750666,"{'policy0': {'min_khz': 648000, 'max_khz': 648000, 'cur_khz': 648000}, 'policy10': {'min_khz': 648000, 'max_khz': 648000, 'cur_khz': 648000}, 'policy12': {'min_khz': 648000, 'max_khz': 648000, 'cur_khz': 648000}, 'policy2': {'min_khz': 648000, 'max_khz': 648000, 'cur_khz': 648000}, 'policy4': {'min_khz': 648000, 'max_khz': 648000, 'cur_khz': 648000}, 'policy6': {'min_khz': 648000, 'max_khz': 648000, 'cur_khz': 648000}, 'policy8': {'min_khz': 648000, 'max_khz': 648000, 'cur_khz': 648000}}"
cpu,1.566GHz,972MHz,1,0.393852,9.991615,22.762065,"{'policy0': {'min_khz': 972000, 'max_khz': 972000, 'cur_khz': 972000}, 'policy10': {'min_khz': 972000, 'max_khz': 972000, 'cur_khz': 972000}, 'policy12': {'min_khz': 972000, 'max_khz': 972000, 'cur_khz': 972000}, 'policy2': {'min_khz': 972000, 'max_khz': 972000, 'cur_khz': 972000}, 'policy4': {'min_khz': 972000, 'max_khz': 972000, 'cur_khz': 972000}, 'policy6': {'min_khz': 972000, 'max_khz': 972000, 'cur_khz': 972000}, 'policy8': {'min_khz': 972000, 'max_khz': 972000, 'cur_khz': 972000}}"
cpu,1.566GHz,1.242GHz,1,0.401953,9.191077,21.696565,"{'policy0': {'min_khz': 1242000, 'max_khz': 1242000, 'cur_khz': 1242000}, 'policy10': {'min_khz': 1242000, 'max_khz': 1242000, 'cur_khz': 1242000}, 'policy12': {'min_khz': 1242000, 'max_khz': 1242000, 'cur_khz': 1242000}, 'policy2': {'min_khz': 1242000, 'max_khz': 1242000, 'cur_khz': 1242000}, 'policy4': {'min_khz': 1242000, 'max_khz': 1242000, 'cur_khz': 1242000}, 'policy6': {'min_khz': 1242000, 'max_khz': 1242000, 'cur_khz': 1242000}, 'policy8': {'min_khz': 1242000, 'max_khz': 1242000, 'cur_khz': 1242000}}"
cpu,1.566GHz,1.566GHz,1,0.379918,1.919085,14.797091,"{'policy0': {'min_khz': 1566000, 'max_khz': 1566000, 'cur_khz': 1566000}, 'policy10': {'min_khz': 1566000, 'max_khz': 1566000, 'cur_khz': 1566000}, 'policy12': {'min_khz': 1566000, 'max_khz': 1566000, 'cur_khz': 1566000}, 'policy2': {'min_khz': 1566000, 'max_khz': 1566000, 'cur_khz': 1566000}, 'policy4': {'min_khz': 1566000, 'max_khz': 1566000, 'cur_khz': 1566000}, 'policy6': {'min_khz': 1566000, 'max_khz': 1566000, 'cur_khz': 1566000}, 'policy8': {'min_khz': 1566000, 'max_khz': 1566000, 'cur_khz': 1566000}}"
cpu,1.566GHz,1.836GHz,1,0.401639,9.209921,20.960917,"{'policy0': {'min_khz': 1836000, 'max_khz': 1836000, 'cur_khz': 1836000}, 'policy10': {'min_khz': 1836000, 'max_khz': 1836000, 'cur_khz': 1836000}, 'policy12': {'min_khz': 1836000, 'max_khz': 1836000, 'cur_khz': 1836000}, 'policy2': {'min_khz': 1836000, 'max_khz': 1836000, 'cur_khz': 1836000}, 'policy4': {'min_khz': 1836000, 'max_khz': 1836000, 'cur_khz': 1836000}, 'policy6': {'min_khz': 1836000, 'max_khz': 1836000, 'cur_khz': 1836000}, 'policy8': {'min_khz': 1836000, 'max_khz': 1836000, 'cur_khz': 1836000}}"
cpu,1.566GHz,2.160GHz,1,0.402362,8.323059,19.918787,"{'policy0': {'min_khz': 2160000, 'max_khz': 2160000, 'cur_khz': 2160000}, 'policy10': {'min_khz': 2160000, 'max_khz': 2160000, 'cur_khz': 2160000}, 'policy12': {'min_khz': 2160000, 'max_khz': 2160000, 'cur_khz': 2160000}, 'policy2': {'min_khz': 2160000, 'max_khz': 2160000, 'cur_khz': 2160000}, 'policy4': {'min_khz': 2160000, 'max_khz': 2160000, 'cur_khz': 2160000}, 'policy6': {'min_khz': 2160000, 'max_khz': 2160000, 'cur_khz': 2160000}, 'policy8': {'min_khz': 2160000, 'max_khz': 2160000, 'cur_khz': 2160000}}"
cpu,1.566GHz,2.430GHz,1,0.558731,1.919964,17.325517,"{'policy0': {'min_khz': 2430000, 'max_khz': 2430000, 'cur_khz': 2430000}, 'policy10': {'min_khz': 2430000, 'max_khz': 2430000, 'cur_khz': 2430000}, 'policy12': {'min_khz': 2430000, 'max_khz': 2430000, 'cur_khz': 2430000}, 'policy2': {'min_khz': 2430000, 'max_khz': 2430000, 'cur_khz': 2430000}, 'policy4': {'min_khz': 2430000, 'max_khz': 2430000, 'cur_khz': 2430000}, 'policy6': {'min_khz': 2430000, 'max_khz': 2430000, 'cur_khz': 2430000}, 'policy8': {'min_khz': 2430000, 'max_khz': 2430000, 'cur_khz': 2430000}}"
cpu,1.566GHz,2.601GHz,1,0.583416,2.554195,14.845238,"{'policy0': {'min_khz': 2601000, 'max_khz': 2601000, 'cur_khz': 2601000}, 'policy10': {'min_khz': 2601000, 'max_khz': 2601000, 'cur_khz': 2601000}, 'policy12': {'min_khz': 2601000, 'max_khz': 2601000, 'cur_khz': 2601000}, 'policy2': {'min_khz': 2601000, 'max_khz': 2601000, 'cur_khz': 2601000}, 'policy4': {'min_khz': 2601000, 'max_khz': 2601000, 'cur_khz': 2601000}, 'policy6': {'min_khz': 2601000, 'max_khz': 2601000, 'cur_khz': 2601000}, 'policy8': {'min_khz': 2601000, 'max_khz': 2601000, 'cur_khz': 2601000}}"
cpu,1.836GHz,default,1,0.702899,14.891092,38.268491,"{'policy0': {'min_khz': 54000, 'max_khz': 2601000, 'cur_khz': 324000}, 'policy10': {'min_khz': 54000, 'max_khz': 2601000, 'cur_khz': 54000}, 'policy12': {'min_khz': 54000, 'max_khz': 2601000, 'cur_khz': 54000}, 'policy2': {'min_khz': 54000, 'max_khz': 2601000, 'cur_khz': 54000}, 'policy4': {'min_khz': 54000, 'max_khz': 2601000, 'cur_khz': 162000}, 'policy6': {'min_khz': 54000, 'max_khz': 2601000, 'cur_khz': 54000}, 'policy8': {'min_khz': 54000, 'max_khz': 2601000, 'cur_khz': 54000}}"
cpu,1.836GHz,648MHz,1,0.511102,11.415663,25.234058,"{'policy0': {'min_khz': 648000, 'max_khz': 648000, 'cur_khz': 648000}, 'policy10': {'min_khz': 648000, 'max_khz': 648000, 'cur_khz': 648000}, 'policy12': {'min_khz': 648000, 'max_khz': 648000, 'cur_khz': 648000}, 'policy2': {'min_khz': 648000, 'max_khz': 648000, 'cur_khz': 648000}, 'policy4': {'min_khz': 648000, 'max_khz': 648000, 'cur_khz': 648000}, 'policy6': {'min_khz': 648000, 'max_khz': 648000, 'cur_khz': 648000}, 'policy8': {'min_khz': 648000, 'max_khz': 648000, 'cur_khz': 648000}}"
cpu,1.836GHz,972MHz,1,0.937575,3.37403,17.310537,"{'policy0': {'min_khz': 972000, 'max_khz': 972000, 'cur_khz': 972000}, 'policy10': {'min_khz': 972000, 'max_khz': 972000, 'cur_khz': 972000}, 'policy12': {'min_khz': 972000, 'max_khz': 972000, 'cur_khz': 972000}, 'policy2': {'min_khz': 972000, 'max_khz': 972000, 'cur_khz': 972000}, 'policy4': {'min_khz': 972000, 'max_khz': 972000, 'cur_khz': 972000}, 'policy6': {'min_khz': 972000, 'max_khz': 972000, 'cur_khz': 972000}, 'policy8': {'min_khz': 972000, 'max_khz': 972000, 'cur_khz': 972000}}"
cpu,1.836GHz,1.242GHz,1,0.585343,3.01653,16.444999,"{'policy0': {'min_khz': 1242000, 'max_khz': 1242000, 'cur_khz': 1242000}, 'policy10': {'min_khz': 1242000, 'max_khz': 1242000, 'cur_khz': 1242000}, 'policy12': {'min_khz': 1242000, 'max_khz': 1242000, 'cur_khz': 1242000}, 'policy2': {'min_khz': 1242000, 'max_khz': 1242000, 'cur_khz': 1242000}, 'policy4': {'min_khz': 1242000, 'max_khz': 1242000, 'cur_khz': 1242000}, 'policy6': {'min_khz': 1242000, 'max_khz': 1242000, 'cur_khz': 1242000}, 'policy8': {'min_khz': 1242000, 'max_khz': 1242000, 'cur_khz': 1242000}}"
cpu,1.836GHz,1.566GHz,1,0.336333,9.464059,22.169935,"{'policy0': {'min_khz': 1566000, 'max_khz': 1566000, 'cur_khz': 1566000}, 'policy10': {'min_khz': 1566000, 'max_khz': 1566000, 'cur_khz': 1566000}, 'policy12': {'min_khz': 1566000, 'max_khz': 1566000, 'cur_khz': 1566000}, 'policy2': {'min_khz': 1566000, 'max_khz': 1566000, 'cur_khz': 1566000}, 'policy4': {'min_khz': 1566000, 'max_khz': 1566000, 'cur_khz': 1566000}, 'policy6': {'min_khz': 1566000, 'max_khz': 1566000, 'cur_khz': 1566000}, 'policy8': {'min_khz': 1566000, 'max_khz': 1566000, 'cur_khz': 1566000}}"
cpu,1.836GHz,1.836GHz,1,0.390222,1.907964,15.218349,"{'policy0': {'min_khz': 1836000, 'max_khz': 1836000, 'cur_khz': 1836000}, 'policy10': {'min_khz': 1836000, 'max_khz': 1836000, 'cur_khz': 1836000}, 'policy12': {'min_khz': 1836000, 'max_khz': 1836000, 'cur_khz': 1836000}, 'policy2': {'min_khz': 1836000, 'max_khz': 1836000, 'cur_khz': 1836000}, 'policy4': {'min_khz': 1836000, 'max_khz': 1836000, 'cur_khz': 1836000}, 'policy6': {'min_khz': 1836000, 'max_khz': 1836000, 'cur_khz': 1836000}, 'policy8': {'min_khz': 1836000, 'max_khz': 1836000, 'cur_khz': 1836000}}"
cpu,1.836GHz,2.160GHz,1,0.702492,2.456066,14.645248,"{'policy0': {'min_khz': 2160000, 'max_khz': 2160000, 'cur_khz': 2160000}, 'policy10': {'min_khz': 2160000, 'max_khz': 2160000, 'cur_khz': 2160000}, 'policy12': {'min_khz': 2160000, 'max_khz': 2160000, 'cur_khz': 2160000}, 'policy2': {'min_khz': 2160000, 'max_khz': 2160000, 'cur_khz': 2160000}, 'policy4': {'min_khz': 2160000, 'max_khz': 2160000, 'cur_khz': 2160000}, 'policy6': {'min_khz': 2160000, 'max_khz': 2160000, 'cur_khz': 2160000}, 'policy8': {'min_khz': 2160000, 'max_khz': 2160000, 'cur_khz': 2160000}}"
cpu,1.836GHz,2.430GHz,1,0.371815,8.246384,20.264158,"{'policy0': {'min_khz': 2430000, 'max_khz': 2430000, 'cur_khz': 2430000}, 'policy10': {'min_khz': 2430000, 'max_khz': 2430000, 'cur_khz': 2430000}, 'policy12': {'min_khz': 2430000, 'max_khz': 2430000, 'cur_khz': 2430000}, 'policy2': {'min_khz': 2430000, 'max_khz': 2430000, 'cur_khz': 2430000}, 'policy4': {'min_khz': 2430000, 'max_khz': 2430000, 'cur_khz': 2430000}, 'policy6': {'min_khz': 2430000, 'max_khz': 2430000, 'cur_khz': 2430000}, 'policy8': {'min_khz': 2430000, 'max_khz': 2430000, 'cur_khz': 2430000}}"
cpu,1.836GHz,2.601GHz,1,0.585926,2.164788,14.106071,"{'policy0': {'min_khz': 2601000, 'max_khz': 2601000, 'cur_khz': 2601000}, 'policy10': {'min_khz': 2601000, 'max_khz': 2601000, 'cur_khz': 2601000}, 'policy12': {'min_khz': 2601000, 'max_khz': 2601000, 'cur_khz': 2601000}, 'policy2': {'min_khz': 2601000, 'max_khz': 2601000, 'cur_khz': 2601000}, 'policy4': {'min_khz': 2601000, 'max_khz': 2601000, 'cur_khz': 2601000}, 'policy6': {'min_khz': 2601000, 'max_khz': 2601000, 'cur_khz': 2601000}, 'policy8': {'min_khz': 2601000, 'max_khz': 2601000, 'cur_khz': 2601000}}"
cpu,2.160GHz,default,1,0.665371,6.12642,31.313849,"{'policy0': {'min_khz': 54000, 'max_khz': 2601000, 'cur_khz': 54000}, 'policy10': {'min_khz': 54000, 'max_khz': 2601000, 'cur_khz': 54000}, 'policy12': {'min_khz': 54000, 'max_khz': 2601000, 'cur_khz': 324000}, 'policy2': {'min_khz': 54000, 'max_khz': 2601000, 'cur_khz': 54000}, 'policy4': {'min_khz': 54000, 'max_khz': 2601000, 'cur_khz': 54000}, 'policy6': {'min_khz': 54000, 'max_khz': 2601000, 'cur_khz': 54000}, 'policy8': {'min_khz': 54000, 'max_khz': 2601000, 'cur_khz': 54000}}"
cpu,2.160GHz,648MHz,1,0.419824,11.361542,26.022577,"{'policy0': {'min_khz': 648000, 'max_khz': 648000, 'cur_khz': 648000}, 'policy10': {'min_khz': 648000, 'max_khz': 648000, 'cur_khz': 648000}, 'policy12': {'min_khz': 648000, 'max_khz': 648000, 'cur_khz': 648000}, 'policy2': {'min_khz': 648000, 'max_khz': 648000, 'cur_khz': 648000}, 'policy4': {'min_khz': 648000, 'max_khz': 648000, 'cur_khz': 648000}, 'policy6': {'min_khz': 648000, 'max_khz': 648000, 'cur_khz': 648000}, 'policy8': {'min_khz': 648000, 'max_khz': 648000, 'cur_khz': 648000}}"
cpu,2.160GHz,972MHz,1,0.360389,9.137931,22.940771,"{'policy0': {'min_khz': 972000, 'max_khz': 972000, 'cur_khz': 972000}, 'policy10': {'min_khz': 972000, 'max_khz': 972000, 'cur_khz': 972000}, 'policy12': {'min_khz': 972000, 'max_khz': 972000, 'cur_khz': 972000}, 'policy2': {'min_khz': 972000, 'max_khz': 972000, 'cur_khz': 972000}, 'policy4': {'min_khz': 972000, 'max_khz': 972000, 'cur_khz': 972000}, 'policy6': {'min_khz': 972000, 'max_khz': 972000, 'cur_khz': 972000}, 'policy8': {'min_khz': 972000, 'max_khz': 972000, 'cur_khz': 972000}}"
cpu,2.160GHz,1.242GHz,1,0.533899,2.048418,15.410794,"{'policy0': {'min_khz': 1242000, 'max_khz': 1242000, 'cur_khz': 1242000}, 'policy10': {'min_khz': 1242000, 'max_khz': 1242000, 'cur_khz': 1242000}, 'policy12': {'min_khz': 1242000, 'max_khz': 1242000, 'cur_khz': 1242000}, 'policy2': {'min_khz': 1242000, 'max_khz': 1242000, 'cur_khz': 1242000}, 'policy4': {'min_khz': 1242000, 'max_khz': 1242000, 'cur_khz': 1242000}, 'policy6': {'min_khz': 1242000, 'max_khz': 1242000, 'cur_khz': 1242000}, 'policy8': {'min_khz': 1242000, 'max_khz': 1242000, 'cur_khz': 1242000}}"
cpu,2.160GHz,1.566GHz,1,0.365584,7.940977,19.955954,"{'policy0': {'min_khz': 1566000, 'max_khz': 1566000, 'cur_khz': 1566000}, 'policy10': {'min_khz': 1566000, 'max_khz': 1566000, 'cur_khz': 1566000}, 'policy12': {'min_khz': 1566000, 'max_khz': 1566000, 'cur_khz': 1566000}, 'policy2': {'min_khz': 1566000, 'max_khz': 1566000, 'cur_khz': 1566000}, 'policy4': {'min_khz': 1566000, 'max_khz': 1566000, 'cur_khz': 1566000}, 'policy6': {'min_khz': 1566000, 'max_khz': 1566000, 'cur_khz': 1566000}, 'policy8': {'min_khz': 1566000, 'max_khz': 1566000, 'cur_khz': 1566000}}"
cpu,2.160GHz,1.836GHz,1,0.351584,12.108357,24.979892,"{'policy0': {'min_khz': 1836000, 'max_khz': 1836000, 'cur_khz': 1836000}, 'policy10': {'min_khz': 1836000, 'max_khz': 1836000, 'cur_khz': 1836000}, 'policy12': {'min_khz': 1836000, 'max_khz': 1836000, 'cur_khz': 1836000}, 'policy2': {'min_khz': 1836000, 'max_khz': 1836000, 'cur_khz': 1836000}, 'policy4': {'min_khz': 1836000, 'max_khz': 1836000, 'cur_khz': 1836000}, 'policy6': {'min_khz': 1836000, 'max_khz': 1836000, 'cur_khz': 1836000}, 'policy8': {'min_khz': 1836000, 'max_khz': 1836000, 'cur_khz': 1836000}}"
cpu,2.160GHz,2.160GHz,1,0.310231,1.823834,16.450832,"{'policy0': {'min_khz': 2160000, 'max_khz': 2160000, 'cur_khz': 2160000}, 'policy10': {'min_khz': 2160000, 'max_khz': 2160000, 'cur_khz': 2160000}, 'policy12': {'min_khz': 2160000, 'max_khz': 2160000, 'cur_khz': 2160000}, 'policy2': {'min_khz': 2160000, 'max_khz': 2160000, 'cur_khz': 2160000}, 'policy4': {'min_khz': 2160000, 'max_khz': 2160000, 'cur_khz': 2160000}, 'policy6': {'min_khz': 2160000, 'max_khz': 2160000, 'cur_khz': 2160000}, 'policy8': {'min_khz': 2160000, 'max_khz': 2160000, 'cur_khz': 2160000}}"
cpu,2.160GHz,2.430GHz,1,0.316575,7.682318,19.021888,"{'policy0': {'min_khz': 2430000, 'max_khz': 2430000, 'cur_khz': 2430000}, 'policy10': {'min_khz': 2430000, 'max_khz': 2430000, 'cur_khz': 2430000}, 'policy12': {'min_khz': 2430000, 'max_khz': 2430000, 'cur_khz': 2430000}, 'policy2': {'min_khz': 2430000, 'max_khz': 2430000, 'cur_khz': 2430000}, 'policy4': {'min_khz': 2430000, 'max_khz': 2430000, 'cur_khz': 2430000}, 'policy6': {'min_khz': 2430000, 'max_khz': 2430000, 'cur_khz': 2430000}, 'policy8': {'min_khz': 2430000, 'max_khz': 2430000, 'cur_khz': 2430000}}"
cpu,2.160GHz,2.601GHz,1,0.313935,0.950639,12.459033,"{'policy0': {'min_khz': 2601000, 'max_khz': 2601000, 'cur_khz': 2601000}, 'policy10': {'min_khz': 2601000, 'max_khz': 2601000, 'cur_khz': 2601000}, 'policy12': {'min_khz': 2601000, 'max_khz': 2601000, 'cur_khz': 2601000}, 'policy2': {'min_khz': 2601000, 'max_khz': 2601000, 'cur_khz': 2601000}, 'policy4': {'min_khz': 2601000, 'max_khz': 2601000, 'cur_khz': 2601000}, 'policy6': {'min_khz': 2601000, 'max_khz': 2601000, 'cur_khz': 2601000}, 'policy8': {'min_khz': 2601000, 'max_khz': 2601000, 'cur_khz': 2601000}}"
cpu,2.430GHz,default,1,0.60025,6.549207,33.185802,"{'policy0': {'min_khz': 54000, 'max_khz': 2601000, 'cur_khz': 324000}, 'policy10': {'min_khz': 54000, 'max_khz': 2601000, 'cur_khz': 54000}, 'policy12': {'min_khz': 54000, 'max_khz': 2601000, 'cur_khz': 108000}, 'policy2': {'min_khz': 54000, 'max_khz': 2601000, 'cur_khz': 54000}, 'policy4': {'min_khz': 54000, 'max_khz': 2601000, 'cur_khz': 54000}, 'policy6': {'min_khz': 54000, 'max_khz': 2601000, 'cur_khz': 54000}, 'policy8': {'min_khz': 54000, 'max_khz': 2601000, 'cur_khz': 108000}}"
cpu,2.430GHz,648MHz,1,0.308815,11.086144,25.211474,"{'policy0': {'min_khz': 648000, 'max_khz': 648000, 'cur_khz': 648000}, 'policy10': {'min_khz': 648000, 'max_khz': 648000, 'cur_khz': 648000}, 'policy12': {'min_khz': 648000, 'max_khz': 648000, 'cur_khz': 648000}, 'policy2': {'min_khz': 648000, 'max_khz': 648000, 'cur_khz': 648000}, 'policy4': {'min_khz': 648000, 'max_khz': 648000, 'cur_khz': 648000}, 'policy6': {'min_khz': 648000, 'max_khz': 648000, 'cur_khz': 648000}, 'policy8': {'min_khz': 648000, 'max_khz': 648000, 'cur_khz': 648000}}"
cpu,2.430GHz,972MHz,1,0.339824,8.129207,21.184787,"{'policy0': {'min_khz': 972000, 'max_khz': 972000, 'cur_khz': 972000}, 'policy10': {'min_khz': 972000, 'max_khz': 972000, 'cur_khz': 972000}, 'policy12': {'min_khz': 972000, 'max_khz': 972000, 'cur_khz': 972000}, 'policy2': {'min_khz': 972000, 'max_khz': 972000, 'cur_khz': 972000}, 'policy4': {'min_khz': 972000, 'max_khz': 972000, 'cur_khz': 972000}, 'policy6': {'min_khz': 972000, 'max_khz': 972000, 'cur_khz': 972000}, 'policy8': {'min_khz': 972000, 'max_khz': 972000, 'cur_khz': 972000}}"
cpu,2.430GHz,1.242GHz,1,0.272213,9.566624,22.135223,"{'policy0': {'min_khz': 1242000, 'max_khz': 1242000, 'cur_khz': 1242000}, 'policy10': {'min_khz': 1242000, 'max_khz': 1242000, 'cur_khz': 1242000}, 'policy12': {'min_khz': 1242000, 'max_khz': 1242000, 'cur_khz': 1242000}, 'policy2': {'min_khz': 1242000, 'max_khz': 1242000, 'cur_khz': 1242000}, 'policy4': {'min_khz': 1242000, 'max_khz': 1242000, 'cur_khz': 1242000}, 'policy6': {'min_khz': 1242000, 'max_khz': 1242000, 'cur_khz': 1242000}, 'policy8': {'min_khz': 1242000, 'max_khz': 1242000, 'cur_khz': 1242000}}"
cpu,2.430GHz,1.566GHz,1,1.080732,3.713002,17.033471,"{'policy0': {'min_khz': 1566000, 'max_khz': 1566000, 'cur_khz': 1566000}, 'policy10': {'min_khz': 1566000, 'max_khz': 1566000, 'cur_khz': 1566000}, 'policy12': {'min_khz': 1566000, 'max_khz': 1566000, 'cur_khz': 1566000}, 'policy2': {'min_khz': 1566000, 'max_khz': 1566000, 'cur_khz': 1566000}, 'policy4': {'min_khz': 1566000, 'max_khz': 1566000, 'cur_khz': 1566000}, 'policy6': {'min_khz': 1566000, 'max_khz': 1566000, 'cur_khz': 1566000}, 'policy8': {'min_khz': 1566000, 'max_khz': 1566000, 'cur_khz': 1566000}}"
cpu,2.430GHz,1.836GHz,1,0.358362,8.415411,20.456779,"{'policy0': {'min_khz': 1836000, 'max_khz': 1836000, 'cur_khz': 1836000}, 'policy10': {'min_khz': 1836000, 'max_khz': 1836000, 'cur_khz': 1836000}, 'policy12': {'min_khz': 1836000, 'max_khz': 1836000, 'cur_khz': 1836000}, 'policy2': {'min_khz': 1836000, 'max_khz': 1836000, 'cur_khz': 1836000}, 'policy4': {'min_khz': 1836000, 'max_khz': 1836000, 'cur_khz': 1836000}, 'policy6': {'min_khz': 1836000, 'max_khz': 1836000, 'cur_khz': 1836000}, 'policy8': {'min_khz': 1836000, 'max_khz': 1836000, 'cur_khz': 1836000}}"
cpu,2.430GHz,2.160GHz,1,0.266241,7.490485,19.338454,"{'policy0': {'min_khz': 2160000, 'max_khz': 2160000, 'cur_khz': 2160000}, 'policy10': {'min_khz': 2160000, 'max_khz': 2160000, 'cur_khz': 2160000}, 'policy12': {'min_khz': 2160000, 'max_khz': 2160000, 'cur_khz': 2160000}, 'policy2': {'min_khz': 2160000, 'max_khz': 2160000, 'cur_khz': 2160000}, 'policy4': {'min_khz': 2160000, 'max_khz': 2160000, 'cur_khz': 2160000}, 'policy6': {'min_khz': 2160000, 'max_khz': 2160000, 'cur_khz': 2160000}, 'policy8': {'min_khz': 2160000, 'max_khz': 2160000, 'cur_khz': 2160000}}"
cpu,2.430GHz,2.430GHz,1,0.252148,0.832287,12.572117,"{'policy0': {'min_khz': 2430000, 'max_khz': 2430000, 'cur_khz': 2430000}, 'policy10': {'min_khz': 2430000, 'max_khz': 2430000, 'cur_khz': 2430000}, 'policy12': {'min_khz': 2430000, 'max_khz': 2430000, 'cur_khz': 2430000}, 'policy2': {'min_khz': 2430000, 'max_khz': 2430000, 'cur_khz': 2430000}, 'policy4': {'min_khz': 2430000, 'max_khz': 2430000, 'cur_khz': 2430000}, 'policy6': {'min_khz': 2430000, 'max_khz': 2430000, 'cur_khz': 2430000}, 'policy8': {'min_khz': 2430000, 'max_khz': 2430000, 'cur_khz': 2430000}}"
cpu,2.430GHz,2.601GHz,1,0.744482,1.874242,13.857571,"{'policy0': {'min_khz': 2601000, 'max_khz': 2601000, 'cur_khz': 2601000}, 'policy10': {'min_khz': 2601000, 'max_khz': 2601000, 'cur_khz': 2601000}, 'policy12': {'min_khz': 2601000, 'max_khz': 2601000, 'cur_khz': 2601000}, 'policy2': {'min_khz': 2601000, 'max_khz': 2601000, 'cur_khz': 2601000}, 'policy4': {'min_khz': 2601000, 'max_khz': 2601000, 'cur_khz': 2601000}, 'policy6': {'min_khz': 2601000, 'max_khz': 2601000, 'cur_khz': 2601000}, 'policy8': {'min_khz': 2601000, 'max_khz': 2601000, 'cur_khz': 2601000}}"
cpu,2.601GHz,default,1,0.529306,15.359508,43.360631,"{'policy0': {'min_khz': 54000, 'max_khz': 2601000, 'cur_khz': 324000}, 'policy10': {'min_khz': 54000, 'max_khz': 2601000, 'cur_khz': 54000}, 'policy12': {'min_khz': 54000, 'max_khz': 2601000, 'cur_khz': 54000}, 'policy2': {'min_khz': 54000, 'max_khz': 2601000, 'cur_khz': 54000}, 'policy4': {'min_khz': 54000, 'max_khz': 2601000, 'cur_khz': 54000}, 'policy6': {'min_khz': 54000, 'max_khz': 2601000, 'cur_khz': 54000}, 'policy8': {'min_khz': 54000, 'max_khz': 2601000, 'cur_khz': 54000}}"
cpu,2.601GHz,648MHz,1,0.299148,9.51467,23.881353,"{'policy0': {'min_khz': 648000, 'max_khz': 648000, 'cur_khz': 648000}, 'policy10': {'min_khz': 648000, 'max_khz': 648000, 'cur_khz': 648000}, 'policy12': {'min_khz': 648000, 'max_khz': 648000, 'cur_khz': 648000}, 'policy2': {'min_khz': 648000, 'max_khz': 648000, 'cur_khz': 648000}, 'policy4': {'min_khz': 648000, 'max_khz': 648000, 'cur_khz': 648000}, 'policy6': {'min_khz': 648000, 'max_khz': 648000, 'cur_khz': 648000}, 'policy8': {'min_khz': 648000, 'max_khz': 648000, 'cur_khz': 648000}}"
cpu,2.601GHz,972MHz,1,0.483324,1.689696,15.230202,"{'policy0': {'min_khz': 972000, 'max_khz': 972000, 'cur_khz': 972000}, 'policy10': {'min_khz': 972000, 'max_khz': 972000, 'cur_khz': 972000}, 'policy12': {'min_khz': 972000, 'max_khz': 972000, 'cur_khz': 972000}, 'policy2': {'min_khz': 972000, 'max_khz': 972000, 'cur_khz': 972000}, 'policy4': {'min_khz': 972000, 'max_khz': 972000, 'cur_khz': 972000}, 'policy6': {'min_khz': 972000, 'max_khz': 972000, 'cur_khz': 972000}, 'policy8': {'min_khz': 972000, 'max_khz': 972000, 'cur_khz': 972000}}"
cpu,2.601GHz,1.242GHz,1,0.434352,1.45312,13.761645,"{'policy0': {'min_khz': 1242000, 'max_khz': 1242000, 'cur_khz': 1242000}, 'policy10': {'min_khz': 1242000, 'max_khz': 1242000, 'cur_khz': 1242000}, 'policy12': {'min_khz': 1242000, 'max_khz': 1242000, 'cur_khz': 1242000}, 'policy2': {'min_khz': 1242000, 'max_khz': 1242000, 'cur_khz': 1242000}, 'policy4': {'min_khz': 1242000, 'max_khz': 1242000, 'cur_khz': 1242000}, 'policy6': {'min_khz': 1242000, 'max_khz': 1242000, 'cur_khz': 1242000}, 'policy8': {'min_khz': 1242000, 'max_khz': 1242000, 'cur_khz': 1242000}}"
cpu,2.601GHz,1.566GHz,1,0.361269,10.88719,23.36689,"{'policy0': {'min_khz': 1566000, 'max_khz': 1566000, 'cur_khz': 1566000}, 'policy10': {'min_khz': 1566000, 'max_khz': 1566000, 'cur_khz': 1566000}, 'policy12': {'min_khz': 1566000, 'max_khz': 1566000, 'cur_khz': 1566000}, 'policy2': {'min_khz': 1566000, 'max_khz': 1566000, 'cur_khz': 1566000}, 'policy4': {'min_khz': 1566000, 'max_khz': 1566000, 'cur_khz': 1566000}, 'policy6': {'min_khz': 1566000, 'max_khz': 1566000, 'cur_khz': 1566000}, 'policy8': {'min_khz': 1566000, 'max_khz': 1566000, 'cur_khz': 1566000}}"
cpu,2.601GHz,1.836GHz,1,0.487768,1.772575,14.281358,"{'policy0': {'min_khz': 1836000, 'max_khz': 1836000, 'cur_khz': 1836000}, 'policy10': {'min_khz': 1836000, 'max_khz': 1836000, 'cur_khz': 1836000}, 'policy12': {'min_khz': 1836000, 'max_khz': 1836000, 'cur_khz': 1836000}, 'policy2': {'min_khz': 1836000, 'max_khz': 1836000, 'cur_khz': 1836000}, 'policy4': {'min_khz': 1836000, 'max_khz': 1836000, 'cur_khz': 1836000}, 'policy6': {'min_khz': 1836000, 'max_khz': 1836000, 'cur_khz': 1836000}, 'policy8': {'min_khz': 1836000, 'max_khz': 1836000, 'cur_khz': 1836000}}"
cpu,2.601GHz,2.160GHz,1,0.835992,1.758353,14.117054,"{'policy0': {'min_khz': 2160000, 'max_khz': 2160000, 'cur_khz': 2160000}, 'policy10': {'min_khz': 2160000, 'max_khz': 2160000, 'cur_khz': 2160000}, 'policy12': {'min_khz': 2160000, 'max_khz': 2160000, 'cur_khz': 2160000}, 'policy2': {'min_khz': 2160000, 'max_khz': 2160000, 'cur_khz': 2160000}, 'policy4': {'min_khz': 2160000, 'max_khz': 2160000, 'cur_khz': 2160000}, 'policy6': {'min_khz': 2160000, 'max_khz': 2160000, 'cur_khz': 2160000}, 'policy8': {'min_khz': 2160000, 'max_khz': 2160000, 'cur_khz': 2160000}}"
cpu,2.601GHz,2.430GHz,1,0.250565,7.005134,18.794148,"{'policy0': {'min_khz': 2430000, 'max_khz': 2430000, 'cur_khz': 2430000}, 'policy10': {'min_khz': 2430000, 'max_khz': 2430000, 'cur_khz': 2430000}, 'policy12': {'min_khz': 2430000, 'max_khz': 2430000, 'cur_khz': 2430000}, 'policy2': {'min_khz': 2430000, 'max_khz': 2430000, 'cur_khz': 2430000}, 'policy4': {'min_khz': 2430000, 'max_khz': 2430000, 'cur_khz': 2430000}, 'policy6': {'min_khz': 2430000, 'max_khz': 2430000, 'cur_khz': 2430000}, 'policy8': {'min_khz': 2430000, 'max_khz': 2430000, 'cur_khz': 2430000}}"
cpu,2.601GHz,2.601GHz,1,0.236667,1.842696,14.00435,"{'policy0': {'min_khz': 2601000, 'max_khz': 2601000, 'cur_khz': 2601000}, 'policy10': {'min_khz': 2601000, 'max_khz': 2601000, 'cur_khz': 2601000}, 'policy12': {'min_khz': 2601000, 'max_khz': 2601000, 'cur_khz': 2601000}, 'policy2': {'min_khz': 2601000, 'max_khz': 2601000, 'cur_khz': 2601000}, 'policy4': {'min_khz': 2601000, 'max_khz': 2601000, 'cur_khz': 2601000}, 'policy6': {'min_khz': 2601000, 'max_khz': 2601000, 'cur_khz': 2601000}, 'policy8': {'min_khz': 2601000, 'max_khz': 2601000, 'cur_khz': 2601000}}"
