axis,from_label,to_label,success,write_total_ms,per_write_sum_ms,write_op_count,feedback_ms,post_write_to_first_match_ms,stable_extra_ms,usable_stable_ms,poll_count,read_total_ms,read_mean_per_poll_ms,last_status_json
cpu,648MHz,972MHz,1,2.957009,1.780092,14,5.386009,2.429,3.632796,9.018805,2,3.9554720000000003,1.9777360000000002,"{""policy0"": {""cur_khz"": 972000, ""max_khz"": 972000, ""min_khz"": 972000}, ""policy10"": {""cur_khz"": 972000, ""max_khz"": 972000, ""min_khz"": 972000}, ""policy12"": {""cur_khz"": 972000, ""max_khz"": 972000, ""min_khz"": 972000}, ""policy2"": {""cur_khz"": 972000, ""max_khz"": 972000, ""min_khz"": 972000}, ""policy4"": {""cur_khz"": 972000, ""max_khz"": 972000, ""min_khz"": 972000}, ""policy6"": {""cur_khz"": 972000, ""max_khz"": 972000, ""min_khz"": 972000}, ""policy8"": {""cur_khz"": 972000, ""max_khz"": 972000, ""min_khz"": 972000}}"
cpu,648MHz,1.242GHz,1,2.106824,1.010307,14,4.633388,2.526564,2.808176,7.441564,2,3.480179,1.7400895,"{""policy0"": {""cur_khz"": 1242000, ""max_khz"": 1242000, ""min_khz"": 1242000}, ""policy10"": {""cur_khz"": 1242000, ""max_khz"": 1242000, ""min_khz"": 1242000}, ""policy12"": {""cur_khz"": 1242000, ""max_khz"": 1242000, ""min_khz"": 1242000}, ""policy2"": {""cur_khz"": 1242000, ""max_khz"": 1242000, ""min_khz"": 1242000}, ""policy4"": {""cur_khz"": 1242000, ""max_khz"": 1242000, ""min_khz"": 1242000}, ""policy6"": {""cur_khz"": 1242000, ""max_khz"": 1242000, ""min_khz"": 1242000}, ""policy8"": {""cur_khz"": 1242000, ""max_khz"": 1242000, ""min_khz"": 1242000}}"
cpu,648MHz,1.566GHz,1,1.752453,0.646299,14,4.955276,3.202823,3.383139,8.338415,2,4.90665,2.453325,"{""policy0"": {""cur_khz"": 1566000, ""max_khz"": 1566000, ""min_khz"": 1566000}, ""policy10"": {""cur_khz"": 1566000, ""max_khz"": 1566000, ""min_khz"": 1566000}, ""policy12"": {""cur_khz"": 1566000, ""max_khz"": 1566000, ""min_khz"": 1566000}, ""policy2"": {""cur_khz"": 1566000, ""max_khz"": 1566000, ""min_khz"": 1566000}, ""policy4"": {""cur_khz"": 1566000, ""max_khz"": 1566000, ""min_khz"": 1566000}, ""policy6"": {""cur_khz"": 1566000, ""max_khz"": 1566000, ""min_khz"": 1566000}, ""policy8"": {""cur_khz"": 1566000, ""max_khz"": 1566000, ""min_khz"": 1566000}}"
cpu,648MHz,1.836GHz,1,1.864739,0.707164,14,7.671795,5.807056,2.194203,9.865998,3,4.896895,1.6322983333333332,"{""policy0"": {""cur_khz"": 1836000, ""max_khz"": 1836000, ""min_khz"": 1836000}, ""policy10"": {""cur_khz"": 1836000, ""max_khz"": 1836000, ""min_khz"": 1836000}, ""policy12"": {""cur_khz"": 1836000, ""max_khz"": 1836000, ""min_khz"": 1836000}, ""policy2"": {""cur_khz"": 1836000, ""max_khz"": 1836000, ""min_khz"": 1836000}, ""policy4"": {""cur_khz"": 1836000, ""max_khz"": 1836000, ""min_khz"": 1836000}, ""policy6"": {""cur_khz"": 1836000, ""max_khz"": 1836000, ""min_khz"": 1836000}, ""policy8"": {""cur_khz"": 1836000, ""max_khz"": 1836000, ""min_khz"": 1836000}}"
cpu,648MHz,2.160GHz,1,1.685584,0.602846,14,3.518232,1.832648,2.584128,6.10236,2,2.906046,1.453023,"{""policy0"": {""cur_khz"": 2160000, ""max_khz"": 2160000, ""min_khz"": 2160000}, ""policy10"": {""cur_khz"": 2160000, ""max_khz"": 2160000, ""min_khz"": 2160000}, ""policy12"": {""cur_khz"": 2160000, ""max_khz"": 2160000, ""min_khz"": 2160000}, ""policy2"": {""cur_khz"": 2160000, ""max_khz"": 2160000, ""min_khz"": 2160000}, ""policy4"": {""cur_khz"": 2160000, ""max_khz"": 2160000, ""min_khz"": 2160000}, ""policy6"": {""cur_khz"": 2160000, ""max_khz"": 2160000, ""min_khz"": 2160000}, ""policy8"": {""cur_khz"": 2160000, ""max_khz"": 2160000, ""min_khz"": 2160000}}"
cpu,648MHz,2.430GHz,1,2.260176,1.155357,14,7.058508,4.798332,6.185795,13.244303,2,7.961031999999999,3.9805159999999997,"{""policy0"": {""cur_khz"": 2430000, ""max_khz"": 2430000, ""min_khz"": 2430000}, ""policy10"": {""cur_khz"": 2430000, ""max_khz"": 2430000, ""min_khz"": 2430000}, ""policy12"": {""cur_khz"": 2430000, ""max_khz"": 2430000, ""min_khz"": 2430000}, ""policy2"": {""cur_khz"": 2430000, ""max_khz"": 2430000, ""min_khz"": 2430000}, ""policy4"": {""cur_khz"": 2430000, ""max_khz"": 2430000, ""min_khz"": 2430000}, ""policy6"": {""cur_khz"": 2430000, ""max_khz"": 2430000, ""min_khz"": 2430000}, ""policy8"": {""cur_khz"": 2430000, ""max_khz"": 2430000, ""min_khz"": 2430000}}"
cpu,648MHz,2.601GHz,1,3.422518,1.672252,14,7.296685,3.874167,2.444453,9.741138,2,4.069413,2.0347065,"{""policy0"": {""cur_khz"": 2601000, ""max_khz"": 2601000, ""min_khz"": 2601000}, ""policy10"": {""cur_khz"": 2601000, ""max_khz"": 2601000, ""min_khz"": 2601000}, ""policy12"": {""cur_khz"": 2601000, ""max_khz"": 2601000, ""min_khz"": 2601000}, ""policy2"": {""cur_khz"": 2601000, ""max_khz"": 2601000, ""min_khz"": 2601000}, ""policy4"": {""cur_khz"": 2601000, ""max_khz"": 2601000, ""min_khz"": 2601000}, ""policy6"": {""cur_khz"": 2601000, ""max_khz"": 2601000, ""min_khz"": 2601000}, ""policy8"": {""cur_khz"": 2601000, ""max_khz"": 2601000, ""min_khz"": 2601000}}"
cpu,972MHz,648MHz,1,2.771527,1.988136,14,6.092573,3.321046,4.050518,10.143091,2,4.837887,2.4189435,"{""policy0"": {""cur_khz"": 648000, ""max_khz"": 648000, ""min_khz"": 648000}, ""policy10"": {""cur_khz"": 648000, ""max_khz"": 648000, ""min_khz"": 648000}, ""policy12"": {""cur_khz"": 648000, ""max_khz"": 648000, ""min_khz"": 648000}, ""policy2"": {""cur_khz"": 648000, ""max_khz"": 648000, ""min_khz"": 648000}, ""policy4"": {""cur_khz"": 648000, ""max_khz"": 648000, ""min_khz"": 648000}, ""policy6"": {""cur_khz"": 648000, ""max_khz"": 648000, ""min_khz"": 648000}, ""policy8"": {""cur_khz"": 648000, ""max_khz"": 648000, ""min_khz"": 648000}}"
cpu,972MHz,1.242GHz,1,2.325491,1.551642,14,4.849417,2.523926,3.323128,8.172545,2,4.018841999999999,2.0094209999999997,"{""policy0"": {""cur_khz"": 1242000, ""max_khz"": 1242000, ""min_khz"": 1242000}, ""policy10"": {""cur_khz"": 1242000, ""max_khz"": 1242000, ""min_khz"": 1242000}, ""policy12"": {""cur_khz"": 1242000, ""max_khz"": 1242000, ""min_khz"": 1242000}, ""policy2"": {""cur_khz"": 1242000, ""max_khz"": 1242000, ""min_khz"": 1242000}, ""policy4"": {""cur_khz"": 1242000, ""max_khz"": 1242000, ""min_khz"": 1242000}, ""policy6"": {""cur_khz"": 1242000, ""max_khz"": 1242000, ""min_khz"": 1242000}, ""policy8"": {""cur_khz"": 1242000, ""max_khz"": 1242000, ""min_khz"": 1242000}}"
cpu,972MHz,1.566GHz,1,1.254185,0.49159200000000003,14,11.590684,10.336499,3.003694,14.594378,3,8.506929000000001,2.8356430000000006,"{""policy0"": {""cur_khz"": 1566000, ""max_khz"": 1566000, ""min_khz"": 1566000}, ""policy10"": {""cur_khz"": 1566000, ""max_khz"": 1566000, ""min_khz"": 1566000}, ""policy12"": {""cur_khz"": 1566000, ""max_khz"": 1566000, ""min_khz"": 1566000}, ""policy2"": {""cur_khz"": 1566000, ""max_khz"": 1566000, ""min_khz"": 1566000}, ""policy4"": {""cur_khz"": 1566000, ""max_khz"": 1566000, ""min_khz"": 1566000}, ""policy6"": {""cur_khz"": 1566000, ""max_khz"": 1566000, ""min_khz"": 1566000}, ""policy8"": {""cur_khz"": 1566000, ""max_khz"": 1566000, ""min_khz"": 1566000}}"
cpu,972MHz,1.836GHz,1,1.258908,0.484155,14,7.025795,5.766887,2.439639,9.465434,3,5.235842,1.7452806666666667,"{""policy0"": {""cur_khz"": 1836000, ""max_khz"": 1836000, ""min_khz"": 1836000}, ""policy10"": {""cur_khz"": 1836000, ""max_khz"": 1836000, ""min_khz"": 1836000}, ""policy12"": {""cur_khz"": 1836000, ""max_khz"": 1836000, ""min_khz"": 1836000}, ""policy2"": {""cur_khz"": 1836000, ""max_khz"": 1836000, ""min_khz"": 1836000}, ""policy4"": {""cur_khz"": 1836000, ""max_khz"": 1836000, ""min_khz"": 1836000}, ""policy6"": {""cur_khz"": 1836000, ""max_khz"": 1836000, ""min_khz"": 1836000}, ""policy8"": {""cur_khz"": 1836000, ""max_khz"": 1836000, ""min_khz"": 1836000}}"
cpu,972MHz,2.160GHz,1,1.74225,0.992622,14,3.93487,2.19262,2.83149,6.76636,2,3.435806,1.717903,"{""policy0"": {""cur_khz"": 2160000, ""max_khz"": 2160000, ""min_khz"": 2160000}, ""policy10"": {""cur_khz"": 2160000, ""max_khz"": 2160000, ""min_khz"": 2160000}, ""policy12"": {""cur_khz"": 2160000, ""max_khz"": 2160000, ""min_khz"": 2160000}, ""policy2"": {""cur_khz"": 2160000, ""max_khz"": 2160000, ""min_khz"": 2160000}, ""policy4"": {""cur_khz"": 2160000, ""max_khz"": 2160000, ""min_khz"": 2160000}, ""policy6"": {""cur_khz"": 2160000, ""max_khz"": 2160000, ""min_khz"": 2160000}, ""policy8"": {""cur_khz"": 2160000, ""max_khz"": 2160000, ""min_khz"": 2160000}}"
cpu,972MHz,2.430GHz,1,1.242971,0.470471,14,9.738887,8.495916,2.288592,12.027479,3,7.9022,2.6340666666666666,"{""policy0"": {""cur_khz"": 2430000, ""max_khz"": 2430000, ""min_khz"": 2430000}, ""policy10"": {""cur_khz"": 2430000, ""max_khz"": 2430000, ""min_khz"": 2430000}, ""policy12"": {""cur_khz"": 2430000, ""max_khz"": 2430000, ""min_khz"": 2430000}, ""policy2"": {""cur_khz"": 2430000, ""max_khz"": 2430000, ""min_khz"": 2430000}, ""policy4"": {""cur_khz"": 2430000, ""max_khz"": 2430000, ""min_khz"": 2430000}, ""policy6"": {""cur_khz"": 2430000, ""max_khz"": 2430000, ""min_khz"": 2430000}, ""policy8"": {""cur_khz"": 2430000, ""max_khz"": 2430000, ""min_khz"": 2430000}}"
cpu,972MHz,2.601GHz,1,1.575972,0.783555,14,2.620231,1.044259,2.491648,5.111879,2,2.0579549999999998,1.0289774999999999,"{""policy0"": {""cur_khz"": 2601000, ""max_khz"": 2601000, ""min_khz"": 2601000}, ""policy10"": {""cur_khz"": 2601000, ""max_khz"": 2601000, ""min_khz"": 2601000}, ""policy12"": {""cur_khz"": 2601000, ""max_khz"": 2601000, ""min_khz"": 2601000}, ""policy2"": {""cur_khz"": 2601000, ""max_khz"": 2601000, ""min_khz"": 2601000}, ""policy4"": {""cur_khz"": 2601000, ""max_khz"": 2601000, ""min_khz"": 2601000}, ""policy6"": {""cur_khz"": 2601000, ""max_khz"": 2601000, ""min_khz"": 2601000}, ""policy8"": {""cur_khz"": 2601000, ""max_khz"": 2601000, ""min_khz"": 2601000}}"
cpu,1.242GHz,648MHz,1,1.057675,0.409831,14,8.965628,7.907953,3.548612,12.51424,3,7.009769,2.336589666666667,"{""policy0"": {""cur_khz"": 648000, ""max_khz"": 648000, ""min_khz"": 648000}, ""policy10"": {""cur_khz"": 648000, ""max_khz"": 648000, ""min_khz"": 648000}, ""policy12"": {""cur_khz"": 648000, ""max_khz"": 648000, ""min_khz"": 648000}, ""policy2"": {""cur_khz"": 648000, ""max_khz"": 648000, ""min_khz"": 648000}, ""policy4"": {""cur_khz"": 648000, ""max_khz"": 648000, ""min_khz"": 648000}, ""policy6"": {""cur_khz"": 648000, ""max_khz"": 648000, ""min_khz"": 648000}, ""policy8"": {""cur_khz"": 648000, ""max_khz"": 648000, ""min_khz"": 648000}}"
cpu,1.242GHz,972MHz,1,1.844834,1.231574,14,3.945278,2.100444,3.466981,7.412259,2,3.430034,1.715017,"{""policy0"": {""cur_khz"": 972000, ""max_khz"": 972000, ""min_khz"": 972000}, ""policy10"": {""cur_khz"": 972000, ""max_khz"": 972000, ""min_khz"": 972000}, ""policy12"": {""cur_khz"": 972000, ""max_khz"": 972000, ""min_khz"": 972000}, ""policy2"": {""cur_khz"": 972000, ""max_khz"": 972000, ""min_khz"": 972000}, ""policy4"": {""cur_khz"": 972000, ""max_khz"": 972000, ""min_khz"": 972000}, ""policy6"": {""cur_khz"": 972000, ""max_khz"": 972000, ""min_khz"": 972000}, ""policy8"": {""cur_khz"": 972000, ""max_khz"": 972000, ""min_khz"": 972000}}"
cpu,1.242GHz,1.566GHz,1,1.092092,0.398603,14,6.84211,5.750018,2.347926,9.190036,3,4.961883,1.653961,"{""policy0"": {""cur_khz"": 1566000, ""max_khz"": 1566000, ""min_khz"": 1566000}, ""policy10"": {""cur_khz"": 1566000, ""max_khz"": 1566000, ""min_khz"": 1566000}, ""policy12"": {""cur_khz"": 1566000, ""max_khz"": 1566000, ""min_khz"": 1566000}, ""policy2"": {""cur_khz"": 1566000, ""max_khz"": 1566000, ""min_khz"": 1566000}, ""policy4"": {""cur_khz"": 1566000, ""max_khz"": 1566000, ""min_khz"": 1566000}, ""policy6"": {""cur_khz"": 1566000, ""max_khz"": 1566000, ""min_khz"": 1566000}, ""policy8"": {""cur_khz"": 1566000, ""max_khz"": 1566000, ""min_khz"": 1566000}}"
cpu,1.242GHz,1.836GHz,1,1.780815,1.16101,14,3.441564,1.660749,2.919509,6.361073,2,2.943915,1.4719575,"{""policy0"": {""cur_khz"": 1836000, ""max_khz"": 1836000, ""min_khz"": 1836000}, ""policy10"": {""cur_khz"": 1836000, ""max_khz"": 1836000, ""min_khz"": 1836000}, ""policy12"": {""cur_khz"": 1836000, ""max_khz"": 1836000, ""min_khz"": 1836000}, ""policy2"": {""cur_khz"": 1836000, ""max_khz"": 1836000, ""min_khz"": 1836000}, ""policy4"": {""cur_khz"": 1836000, ""max_khz"": 1836000, ""min_khz"": 1836000}, ""policy6"": {""cur_khz"": 1836000, ""max_khz"": 1836000, ""min_khz"": 1836000}, ""policy8"": {""cur_khz"": 1836000, ""max_khz"": 1836000, ""min_khz"": 1836000}}"
cpu,1.242GHz,2.160GHz,1,1.181583,0.414769,14,5.819592,4.638009,2.018602,7.838194,3,3.6370839999999998,1.2123613333333332,"{""policy0"": {""cur_khz"": 2160000, ""max_khz"": 2160000, ""min_khz"": 2160000}, ""policy10"": {""cur_khz"": 2160000, ""max_khz"": 2160000, ""min_khz"": 2160000}, ""policy12"": {""cur_khz"": 2160000, ""max_khz"": 2160000, ""min_khz"": 2160000}, ""policy2"": {""cur_khz"": 2160000, ""max_khz"": 2160000, ""min_khz"": 2160000}, ""policy4"": {""cur_khz"": 2160000, ""max_khz"": 2160000, ""min_khz"": 2160000}, ""policy6"": {""cur_khz"": 2160000, ""max_khz"": 2160000, ""min_khz"": 2160000}, ""policy8"": {""cur_khz"": 2160000, ""max_khz"": 2160000, ""min_khz"": 2160000}}"
cpu,1.242GHz,2.430GHz,1,1.930915,1.225562,14,3.254471,1.323556,2.378139,5.63261,2,2.132315,1.0661575,"{""policy0"": {""cur_khz"": 2430000, ""max_khz"": 2430000, ""min_khz"": 2430000}, ""policy10"": {""cur_khz"": 2430000, ""max_khz"": 2430000, ""min_khz"": 2430000}, ""policy12"": {""cur_khz"": 2430000, ""max_khz"": 2430000, ""min_khz"": 2430000}, ""policy2"": {""cur_khz"": 2430000, ""max_khz"": 2430000, ""min_khz"": 2430000}, ""policy4"": {""cur_khz"": 2430000, ""max_khz"": 2430000, ""min_khz"": 2430000}, ""policy6"": {""cur_khz"": 2430000, ""max_khz"": 2430000, ""min_khz"": 2430000}, ""policy8"": {""cur_khz"": 2430000, ""max_khz"": 2430000, ""min_khz"": 2430000}}"
cpu,1.242GHz,2.601GHz,1,1.027454,0.39226,14,5.356435,4.328981,1.764286,7.120721,3,3.294531,1.098177,"{""policy0"": {""cur_khz"": 2601000, ""max_khz"": 2601000, ""min_khz"": 2601000}, ""policy10"": {""cur_khz"": 2601000, ""max_khz"": 2601000, ""min_khz"": 2601000}, ""policy12"": {""cur_khz"": 2601000, ""max_khz"": 2601000, ""min_khz"": 2601000}, ""policy2"": {""cur_khz"": 2601000, ""max_khz"": 2601000, ""min_khz"": 2601000}, ""policy4"": {""cur_khz"": 2601000, ""max_khz"": 2601000, ""min_khz"": 2601000}, ""policy6"": {""cur_khz"": 2601000, ""max_khz"": 2601000, ""min_khz"": 2601000}, ""policy8"": {""cur_khz"": 2601000, ""max_khz"": 2601000, ""min_khz"": 2601000}}"
cpu,1.566GHz,648MHz,1,0.832231,0.320836,14,8.096796,7.264565,3.237258,11.334054,3,6.2490250000000005,2.0830083333333334,"{""policy0"": {""cur_khz"": 648000, ""max_khz"": 648000, ""min_khz"": 648000}, ""policy10"": {""cur_khz"": 648000, ""max_khz"": 648000, ""min_khz"": 648000}, ""policy12"": {""cur_khz"": 648000, ""max_khz"": 648000, ""min_khz"": 648000}, ""policy2"": {""cur_khz"": 648000, ""max_khz"": 648000, ""min_khz"": 648000}, ""policy4"": {""cur_khz"": 648000, ""max_khz"": 648000, ""min_khz"": 648000}, ""policy6"": {""cur_khz"": 648000, ""max_khz"": 648000, ""min_khz"": 648000}, ""policy8"": {""cur_khz"": 648000, ""max_khz"": 648000, ""min_khz"": 648000}}"
cpu,1.566GHz,972MHz,1,0.962379,0.331379,14,9.728221,8.765842,2.819481,12.547702,3,7.958725999999999,2.6529086666666664,"{""policy0"": {""cur_khz"": 972000, ""max_khz"": 972000, ""min_khz"": 972000}, ""policy10"": {""cur_khz"": 972000, ""max_khz"": 972000, ""min_khz"": 972000}, ""policy12"": {""cur_khz"": 972000, ""max_khz"": 972000, ""min_khz"": 972000}, ""policy2"": {""cur_khz"": 972000, ""max_khz"": 972000, ""min_khz"": 972000}, ""policy4"": {""cur_khz"": 972000, ""max_khz"": 972000, ""min_khz"": 972000}, ""policy6"": {""cur_khz"": 972000, ""max_khz"": 972000, ""min_khz"": 972000}, ""policy8"": {""cur_khz"": 972000, ""max_khz"": 972000, ""min_khz"": 972000}}"
cpu,1.566GHz,1.242GHz,1,1.69573,1.146446,14,3.776628,2.080898,2.835185,6.611813,2,3.052727,1.5263635,"{""policy0"": {""cur_khz"": 1242000, ""max_khz"": 1242000, ""min_khz"": 1242000}, ""policy10"": {""cur_khz"": 1242000, ""max_khz"": 1242000, ""min_khz"": 1242000}, ""policy12"": {""cur_khz"": 1242000, ""max_khz"": 1242000, ""min_khz"": 1242000}, ""policy2"": {""cur_khz"": 1242000, ""max_khz"": 1242000, ""min_khz"": 1242000}, ""policy4"": {""cur_khz"": 1242000, ""max_khz"": 1242000, ""min_khz"": 1242000}, ""policy6"": {""cur_khz"": 1242000, ""max_khz"": 1242000, ""min_khz"": 1242000}, ""policy8"": {""cur_khz"": 1242000, ""max_khz"": 1242000, ""min_khz"": 1242000}}"
cpu,1.566GHz,1.836GHz,1,1.130008,0.6318779999999999,14,2.572554,1.442546,3.22475,5.797304,2,3.053936,1.526968,"{""policy0"": {""cur_khz"": 1836000, ""max_khz"": 1836000, ""min_khz"": 1836000}, ""policy10"": {""cur_khz"": 1836000, ""max_khz"": 1836000, ""min_khz"": 1836000}, ""policy12"": {""cur_khz"": 1836000, ""max_khz"": 1836000, ""min_khz"": 1836000}, ""policy2"": {""cur_khz"": 1836000, ""max_khz"": 1836000, ""min_khz"": 1836000}, ""policy4"": {""cur_khz"": 1836000, ""max_khz"": 1836000, ""min_khz"": 1836000}, ""policy6"": {""cur_khz"": 1836000, ""max_khz"": 1836000, ""min_khz"": 1836000}, ""policy8"": {""cur_khz"": 1836000, ""max_khz"": 1836000, ""min_khz"": 1836000}}"
cpu,1.566GHz,2.160GHz,1,0.822695,0.32415700000000003,14,7.156675,6.33398,2.428945,9.58562,3,5.237336,1.7457786666666666,"{""policy0"": {""cur_khz"": 2160000, ""max_khz"": 2160000, ""min_khz"": 2160000}, ""policy10"": {""cur_khz"": 2160000, ""max_khz"": 2160000, ""min_khz"": 2160000}, ""policy12"": {""cur_khz"": 2160000, ""max_khz"": 2160000, ""min_khz"": 2160000}, ""policy2"": {""cur_khz"": 2160000, ""max_khz"": 2160000, ""min_khz"": 2160000}, ""policy4"": {""cur_khz"": 2160000, ""max_khz"": 2160000, ""min_khz"": 2160000}, ""policy6"": {""cur_khz"": 2160000, ""max_khz"": 2160000, ""min_khz"": 2160000}, ""policy8"": {""cur_khz"": 2160000, ""max_khz"": 2160000, ""min_khz"": 2160000}}"
cpu,1.566GHz,2.430GHz,1,0.891805,0.34465999999999997,14,5.962295,5.07049,2.283185,8.24548,3,4.570977,1.523659,"{""policy0"": {""cur_khz"": 2430000, ""max_khz"": 2430000, ""min_khz"": 2430000}, ""policy10"": {""cur_khz"": 2430000, ""max_khz"": 2430000, ""min_khz"": 2430000}, ""policy12"": {""cur_khz"": 2430000, ""max_khz"": 2430000, ""min_khz"": 2430000}, ""policy2"": {""cur_khz"": 2430000, ""max_khz"": 2430000, ""min_khz"": 2430000}, ""policy4"": {""cur_khz"": 2430000, ""max_khz"": 2430000, ""min_khz"": 2430000}, ""policy6"": {""cur_khz"": 2430000, ""max_khz"": 2430000, ""min_khz"": 2430000}, ""policy8"": {""cur_khz"": 2430000, ""max_khz"": 2430000, ""min_khz"": 2430000}}"
cpu,1.566GHz,2.601GHz,1,0.807315,0.31274,14,5.51,4.702685,1.991435,7.501435,3,3.968944,1.3229813333333333,"{""policy0"": {""cur_khz"": 2601000, ""max_khz"": 2601000, ""min_khz"": 2601000}, ""policy10"": {""cur_khz"": 2601000, ""max_khz"": 2601000, ""min_khz"": 2601000}, ""policy12"": {""cur_khz"": 2601000, ""max_khz"": 2601000, ""min_khz"": 2601000}, ""policy2"": {""cur_khz"": 2601000, ""max_khz"": 2601000, ""min_khz"": 2601000}, ""policy4"": {""cur_khz"": 2601000, ""max_khz"": 2601000, ""min_khz"": 2601000}, ""policy6"": {""cur_khz"": 2601000, ""max_khz"": 2601000, ""min_khz"": 2601000}, ""policy8"": {""cur_khz"": 2601000, ""max_khz"": 2601000, ""min_khz"": 2601000}}"
cpu,1.836GHz,648MHz,1,1.183158,0.756558,14,3.962102,2.778944,4.075814,8.037916,2,4.390609,2.1953045,"{""policy0"": {""cur_khz"": 648000, ""max_khz"": 648000, ""min_khz"": 648000}, ""policy10"": {""cur_khz"": 648000, ""max_khz"": 648000, ""min_khz"": 648000}, ""policy12"": {""cur_khz"": 648000, ""max_khz"": 648000, ""min_khz"": 648000}, ""policy2"": {""cur_khz"": 648000, ""max_khz"": 648000, ""min_khz"": 648000}, ""policy4"": {""cur_khz"": 648000, ""max_khz"": 648000, ""min_khz"": 648000}, ""policy6"": {""cur_khz"": 648000, ""max_khz"": 648000, ""min_khz"": 648000}, ""policy8"": {""cur_khz"": 648000, ""max_khz"": 648000, ""min_khz"": 648000}}"
cpu,1.836GHz,972MHz,1,0.691232,0.267585,14,7.028351,6.337119,3.087639,10.11599,3,5.879645,1.9598816666666667,"{""policy0"": {""cur_khz"": 972000, ""max_khz"": 972000, ""min_khz"": 972000}, ""policy10"": {""cur_khz"": 972000, ""max_khz"": 972000, ""min_khz"": 972000}, ""policy12"": {""cur_khz"": 972000, ""max_khz"": 972000, ""min_khz"": 972000}, ""policy2"": {""cur_khz"": 972000, ""max_khz"": 972000, ""min_khz"": 972000}, ""policy4"": {""cur_khz"": 972000, ""max_khz"": 972000, ""min_khz"": 972000}, ""policy6"": {""cur_khz"": 972000, ""max_khz"": 972000, ""min_khz"": 972000}, ""policy8"": {""cur_khz"": 972000, ""max_khz"": 972000, ""min_khz"": 972000}}"
cpu,1.836GHz,1.242GHz,1,1.207676,0.775896,14,3.399232,2.191556,3.299102,6.698334,2,3.6811740000000004,1.8405870000000002,"{""policy0"": {""cur_khz"": 1242000, ""max_khz"": 1242000, ""min_khz"": 1242000}, ""policy10"": {""cur_khz"": 1242000, ""max_khz"": 1242000, ""min_khz"": 1242000}, ""policy12"": {""cur_khz"": 1242000, ""max_khz"": 1242000, ""min_khz"": 1242000}, ""policy2"": {""cur_khz"": 1242000, ""max_khz"": 1242000, ""min_khz"": 1242000}, ""policy4"": {""cur_khz"": 1242000, ""max_khz"": 1242000, ""min_khz"": 1242000}, ""policy6"": {""cur_khz"": 1242000, ""max_khz"": 1242000, ""min_khz"": 1242000}, ""policy8"": {""cur_khz"": 1242000, ""max_khz"": 1242000, ""min_khz"": 1242000}}"
cpu,1.836GHz,1.566GHz,1,1.445897,0.799701,14,3.249888,1.803991,2.877222,6.12711,2,2.916915,1.4584575,"{""policy0"": {""cur_khz"": 1566000, ""max_khz"": 1566000, ""min_khz"": 1566000}, ""policy10"": {""cur_khz"": 1566000, ""max_khz"": 1566000, ""min_khz"": 1566000}, ""policy12"": {""cur_khz"": 1566000, ""max_khz"": 1566000, ""min_khz"": 1566000}, ""policy2"": {""cur_khz"": 1566000, ""max_khz"": 1566000, ""min_khz"": 1566000}, ""policy4"": {""cur_khz"": 1566000, ""max_khz"": 1566000, ""min_khz"": 1566000}, ""policy6"": {""cur_khz"": 1566000, ""max_khz"": 1566000, ""min_khz"": 1566000}, ""policy8"": {""cur_khz"": 1566000, ""max_khz"": 1566000, ""min_khz"": 1566000}}"
cpu,1.836GHz,2.160GHz,1,0.750694,0.28563,14,5.045369,4.294675,1.921167,6.966536,3,3.129064,1.0430213333333334,"{""policy0"": {""cur_khz"": 2160000, ""max_khz"": 2160000, ""min_khz"": 2160000}, ""policy10"": {""cur_khz"": 2160000, ""max_khz"": 2160000, ""min_khz"": 2160000}, ""policy12"": {""cur_khz"": 2160000, ""max_khz"": 2160000, ""min_khz"": 2160000}, ""policy2"": {""cur_khz"": 2160000, ""max_khz"": 2160000, ""min_khz"": 2160000}, ""policy4"": {""cur_khz"": 2160000, ""max_khz"": 2160000, ""min_khz"": 2160000}, ""policy6"": {""cur_khz"": 2160000, ""max_khz"": 2160000, ""min_khz"": 2160000}, ""policy8"": {""cur_khz"": 2160000, ""max_khz"": 2160000, ""min_khz"": 2160000}}"
cpu,1.836GHz,2.430GHz,1,1.235056,0.757816,14,3.493232,2.258176,2.520102,6.013334,2,3.30176,1.65088,"{""policy0"": {""cur_khz"": 2430000, ""max_khz"": 2430000, ""min_khz"": 2430000}, ""policy10"": {""cur_khz"": 2430000, ""max_khz"": 2430000, ""min_khz"": 2430000}, ""policy12"": {""cur_khz"": 2430000, ""max_khz"": 2430000, ""min_khz"": 2430000}, ""policy2"": {""cur_khz"": 2430000, ""max_khz"": 2430000, ""min_khz"": 2430000}, ""policy4"": {""cur_khz"": 2430000, ""max_khz"": 2430000, ""min_khz"": 2430000}, ""policy6"": {""cur_khz"": 2430000, ""max_khz"": 2430000, ""min_khz"": 2430000}, ""policy8"": {""cur_khz"": 2430000, ""max_khz"": 2430000, ""min_khz"": 2430000}}"
cpu,1.836GHz,2.601GHz,1,0.672972,0.269091,14,6.677702,6.00473,1.72651,8.404212,3,5.020037,1.6733456666666668,"{""policy0"": {""cur_khz"": 2601000, ""max_khz"": 2601000, ""min_khz"": 2601000}, ""policy10"": {""cur_khz"": 2601000, ""max_khz"": 2601000, ""min_khz"": 2601000}, ""policy12"": {""cur_khz"": 2601000, ""max_khz"": 2601000, ""min_khz"": 2601000}, ""policy2"": {""cur_khz"": 2601000, ""max_khz"": 2601000, ""min_khz"": 2601000}, ""policy4"": {""cur_khz"": 2601000, ""max_khz"": 2601000, ""min_khz"": 2601000}, ""policy6"": {""cur_khz"": 2601000, ""max_khz"": 2601000, ""min_khz"": 2601000}, ""policy8"": {""cur_khz"": 2601000, ""max_khz"": 2601000, ""min_khz"": 2601000}}"
cpu,2.160GHz,648MHz,1,0.578435,0.224989,14,9.266443,8.688008,3.14613,12.412573,3,7.614482999999999,2.5381609999999997,"{""policy0"": {""cur_khz"": 648000, ""max_khz"": 648000, ""min_khz"": 648000}, ""policy10"": {""cur_khz"": 648000, ""max_khz"": 648000, ""min_khz"": 648000}, ""policy12"": {""cur_khz"": 648000, ""max_khz"": 648000, ""min_khz"": 648000}, ""policy2"": {""cur_khz"": 648000, ""max_khz"": 648000, ""min_khz"": 648000}, ""policy4"": {""cur_khz"": 648000, ""max_khz"": 648000, ""min_khz"": 648000}, ""policy6"": {""cur_khz"": 648000, ""max_khz"": 648000, ""min_khz"": 648000}, ""policy8"": {""cur_khz"": 648000, ""max_khz"": 648000, ""min_khz"": 648000}}"
cpu,2.160GHz,972MHz,1,0.560843,0.216696,14,7.499147,6.938304,2.922815,10.421962,3,5.986815,1.995605,"{""policy0"": {""cur_khz"": 972000, ""max_khz"": 972000, ""min_khz"": 972000}, ""policy10"": {""cur_khz"": 972000, ""max_khz"": 972000, ""min_khz"": 972000}, ""policy12"": {""cur_khz"": 972000, ""max_khz"": 972000, ""min_khz"": 972000}, ""policy2"": {""cur_khz"": 972000, ""max_khz"": 972000, ""min_khz"": 972000}, ""policy4"": {""cur_khz"": 972000, ""max_khz"": 972000, ""min_khz"": 972000}, ""policy6"": {""cur_khz"": 972000, ""max_khz"": 972000, ""min_khz"": 972000}, ""policy8"": {""cur_khz"": 972000, ""max_khz"": 972000, ""min_khz"": 972000}}"
cpu,2.160GHz,1.242GHz,1,0.884425,0.274647,14,7.494777,6.610352,3.321962,10.816739,3,6.292261999999999,2.0974206666666664,"{""policy0"": {""cur_khz"": 1242000, ""max_khz"": 1242000, ""min_khz"": 1242000}, ""policy10"": {""cur_khz"": 1242000, ""max_khz"": 1242000, ""min_khz"": 1242000}, ""policy12"": {""cur_khz"": 1242000, ""max_khz"": 1242000, ""min_khz"": 1242000}, ""policy2"": {""cur_khz"": 1242000, ""max_khz"": 1242000, ""min_khz"": 1242000}, ""policy4"": {""cur_khz"": 1242000, ""max_khz"": 1242000, ""min_khz"": 1242000}, ""policy6"": {""cur_khz"": 1242000, ""max_khz"": 1242000, ""min_khz"": 1242000}, ""policy8"": {""cur_khz"": 1242000, ""max_khz"": 1242000, ""min_khz"": 1242000}}"
cpu,2.160GHz,1.566GHz,1,0.628861,0.253593,14,8.270416,7.641555,2.331388,10.601804,3,6.545148,2.181716,"{""policy0"": {""cur_khz"": 1566000, ""max_khz"": 1566000, ""min_khz"": 1566000}, ""policy10"": {""cur_khz"": 1566000, ""max_khz"": 1566000, ""min_khz"": 1566000}, ""policy12"": {""cur_khz"": 1566000, ""max_khz"": 1566000, ""min_khz"": 1566000}, ""policy2"": {""cur_khz"": 1566000, ""max_khz"": 1566000, ""min_khz"": 1566000}, ""policy4"": {""cur_khz"": 1566000, ""max_khz"": 1566000, ""min_khz"": 1566000}, ""policy6"": {""cur_khz"": 1566000, ""max_khz"": 1566000, ""min_khz"": 1566000}, ""policy8"": {""cur_khz"": 1566000, ""max_khz"": 1566000, ""min_khz"": 1566000}}"
cpu,2.160GHz,1.836GHz,1,1.333462,0.971943,14,3.237934,1.904472,2.695297,5.933231,2,3.004938,1.502469,"{""policy0"": {""cur_khz"": 1836000, ""max_khz"": 1836000, ""min_khz"": 1836000}, ""policy10"": {""cur_khz"": 1836000, ""max_khz"": 1836000, ""min_khz"": 1836000}, ""policy12"": {""cur_khz"": 1836000, ""max_khz"": 1836000, ""min_khz"": 1836000}, ""policy2"": {""cur_khz"": 1836000, ""max_khz"": 1836000, ""min_khz"": 1836000}, ""policy4"": {""cur_khz"": 1836000, ""max_khz"": 1836000, ""min_khz"": 1836000}, ""policy6"": {""cur_khz"": 1836000, ""max_khz"": 1836000, ""min_khz"": 1836000}, ""policy8"": {""cur_khz"": 1836000, ""max_khz"": 1836000, ""min_khz"": 1836000}}"
cpu,2.160GHz,2.430GHz,1,0.688407,0.25574800000000003,14,4.789777,4.10137,2.017222,6.806999,3,3.330384,1.110128,"{""policy0"": {""cur_khz"": 2430000, ""max_khz"": 2430000, ""min_khz"": 2430000}, ""policy10"": {""cur_khz"": 2430000, ""max_khz"": 2430000, ""min_khz"": 2430000}, ""policy12"": {""cur_khz"": 2430000, ""max_khz"": 2430000, ""min_khz"": 2430000}, ""policy2"": {""cur_khz"": 2430000, ""max_khz"": 2430000, ""min_khz"": 2430000}, ""policy4"": {""cur_khz"": 2430000, ""max_khz"": 2430000, ""min_khz"": 2430000}, ""policy6"": {""cur_khz"": 2430000, ""max_khz"": 2430000, ""min_khz"": 2430000}, ""policy8"": {""cur_khz"": 2430000, ""max_khz"": 2430000, ""min_khz"": 2430000}}"
cpu,2.160GHz,2.601GHz,1,0.611324,0.238072,14,5.569027,4.957703,2.456351,8.025378,3,4.709114,1.5697046666666665,"{""policy0"": {""cur_khz"": 2601000, ""max_khz"": 2601000, ""min_khz"": 2601000}, ""policy10"": {""cur_khz"": 2601000, ""max_khz"": 2601000, ""min_khz"": 2601000}, ""policy12"": {""cur_khz"": 2601000, ""max_khz"": 2601000, ""min_khz"": 2601000}, ""policy2"": {""cur_khz"": 2601000, ""max_khz"": 2601000, ""min_khz"": 2601000}, ""policy4"": {""cur_khz"": 2601000, ""max_khz"": 2601000, ""min_khz"": 2601000}, ""policy6"": {""cur_khz"": 2601000, ""max_khz"": 2601000, ""min_khz"": 2601000}, ""policy8"": {""cur_khz"": 2601000, ""max_khz"": 2601000, ""min_khz"": 2601000}}"
cpu,2.430GHz,648MHz,1,0.522158,0.21199,14,8.958222,8.436064,3.733508,12.69173,3,7.980665,2.6602216666666667,"{""policy0"": {""cur_khz"": 648000, ""max_khz"": 648000, ""min_khz"": 648000}, ""policy10"": {""cur_khz"": 648000, ""max_khz"": 648000, ""min_khz"": 648000}, ""policy12"": {""cur_khz"": 648000, ""max_khz"": 648000, ""min_khz"": 648000}, ""policy2"": {""cur_khz"": 648000, ""max_khz"": 648000, ""min_khz"": 648000}, ""policy4"": {""cur_khz"": 648000, ""max_khz"": 648000, ""min_khz"": 648000}, ""policy6"": {""cur_khz"": 648000, ""max_khz"": 648000, ""min_khz"": 648000}, ""policy8"": {""cur_khz"": 648000, ""max_khz"": 648000, ""min_khz"": 648000}}"
cpu,2.430GHz,972MHz,1,0.597723,0.239056,14,8.533018,7.935295,3.153277,11.686295,3,7.434105000000001,2.478035,"{""policy0"": {""cur_khz"": 972000, ""max_khz"": 972000, ""min_khz"": 972000}, ""policy10"": {""cur_khz"": 972000, ""max_khz"": 972000, ""min_khz"": 972000}, ""policy12"": {""cur_khz"": 972000, ""max_khz"": 972000, ""min_khz"": 972000}, ""policy2"": {""cur_khz"": 972000, ""max_khz"": 972000, ""min_khz"": 972000}, ""policy4"": {""cur_khz"": 972000, ""max_khz"": 972000, ""min_khz"": 972000}, ""policy6"": {""cur_khz"": 972000, ""max_khz"": 972000, ""min_khz"": 972000}, ""policy8"": {""cur_khz"": 972000, ""max_khz"": 972000, ""min_khz"": 972000}}"
cpu,2.430GHz,1.242GHz,1,0.532648,0.208398,14,7.285389,6.752741,2.275935,9.561324,3,5.725594,1.9085313333333334,"{""policy0"": {""cur_khz"": 1242000, ""max_khz"": 1242000, ""min_khz"": 1242000}, ""policy10"": {""cur_khz"": 1242000, ""max_khz"": 1242000, ""min_khz"": 1242000}, ""policy12"": {""cur_khz"": 1242000, ""max_khz"": 1242000, ""min_khz"": 1242000}, ""policy2"": {""cur_khz"": 1242000, ""max_khz"": 1242000, ""min_khz"": 1242000}, ""policy4"": {""cur_khz"": 1242000, ""max_khz"": 1242000, ""min_khz"": 1242000}, ""policy6"": {""cur_khz"": 1242000, ""max_khz"": 1242000, ""min_khz"": 1242000}, ""policy8"": {""cur_khz"": 1242000, ""max_khz"": 1242000, ""min_khz"": 1242000}}"
cpu,2.430GHz,1.566GHz,1,0.581667,0.236261,14,5.523749,4.942082,2.089334,7.613083,3,3.9610900000000004,1.3203633333333336,"{""policy0"": {""cur_khz"": 1566000, ""max_khz"": 1566000, ""min_khz"": 1566000}, ""policy10"": {""cur_khz"": 1566000, ""max_khz"": 1566000, ""min_khz"": 1566000}, ""policy12"": {""cur_khz"": 1566000, ""max_khz"": 1566000, ""min_khz"": 1566000}, ""policy2"": {""cur_khz"": 1566000, ""max_khz"": 1566000, ""min_khz"": 1566000}, ""policy4"": {""cur_khz"": 1566000, ""max_khz"": 1566000, ""min_khz"": 1566000}, ""policy6"": {""cur_khz"": 1566000, ""max_khz"": 1566000, ""min_khz"": 1566000}, ""policy8"": {""cur_khz"": 1566000, ""max_khz"": 1566000, ""min_khz"": 1566000}}"
cpu,2.430GHz,1.836GHz,1,1.0785,0.74903,14,3.494102,2.415602,2.950147,6.444249,2,3.767537,1.8837685,"{""policy0"": {""cur_khz"": 1836000, ""max_khz"": 1836000, ""min_khz"": 1836000}, ""policy10"": {""cur_khz"": 1836000, ""max_khz"": 1836000, ""min_khz"": 1836000}, ""policy12"": {""cur_khz"": 1836000, ""max_khz"": 1836000, ""min_khz"": 1836000}, ""policy2"": {""cur_khz"": 1836000, ""max_khz"": 1836000, ""min_khz"": 1836000}, ""policy4"": {""cur_khz"": 1836000, ""max_khz"": 1836000, ""min_khz"": 1836000}, ""policy6"": {""cur_khz"": 1836000, ""max_khz"": 1836000, ""min_khz"": 1836000}, ""policy8"": {""cur_khz"": 1836000, ""max_khz"": 1836000, ""min_khz"": 1836000}}"
cpu,2.430GHz,2.160GHz,1,0.786417,0.469529,14,3.810362,3.023945,2.931296,6.741658,2,4.280692999999999,2.1403464999999997,"{""policy0"": {""cur_khz"": 2160000, ""max_khz"": 2160000, ""min_khz"": 2160000}, ""policy10"": {""cur_khz"": 2160000, ""max_khz"": 2160000, ""min_khz"": 2160000}, ""policy12"": {""cur_khz"": 2160000, ""max_khz"": 2160000, ""min_khz"": 2160000}, ""policy2"": {""cur_khz"": 2160000, ""max_khz"": 2160000, ""min_khz"": 2160000}, ""policy4"": {""cur_khz"": 2160000, ""max_khz"": 2160000, ""min_khz"": 2160000}, ""policy6"": {""cur_khz"": 2160000, ""max_khz"": 2160000, ""min_khz"": 2160000}, ""policy8"": {""cur_khz"": 2160000, ""max_khz"": 2160000, ""min_khz"": 2160000}}"
cpu,2.430GHz,2.601GHz,1,0.833148,0.461137,14,3.529749,2.696601,2.977324,6.507073,2,4.19824,2.09912,"{""policy0"": {""cur_khz"": 2601000, ""max_khz"": 2601000, ""min_khz"": 2601000}, ""policy10"": {""cur_khz"": 2601000, ""max_khz"": 2601000, ""min_khz"": 2601000}, ""policy12"": {""cur_khz"": 2601000, ""max_khz"": 2601000, ""min_khz"": 2601000}, ""policy2"": {""cur_khz"": 2601000, ""max_khz"": 2601000, ""min_khz"": 2601000}, ""policy4"": {""cur_khz"": 2601000, ""max_khz"": 2601000, ""min_khz"": 2601000}, ""policy6"": {""cur_khz"": 2601000, ""max_khz"": 2601000, ""min_khz"": 2601000}, ""policy8"": {""cur_khz"": 2601000, ""max_khz"": 2601000, ""min_khz"": 2601000}}"
cpu,2.601GHz,648MHz,1,1.024583,0.278973,14,12.406841,11.382258,3.278074,15.684915,3,9.856281,3.285427,"{""policy0"": {""cur_khz"": 648000, ""max_khz"": 648000, ""min_khz"": 648000}, ""policy10"": {""cur_khz"": 648000, ""max_khz"": 648000, ""min_khz"": 648000}, ""policy12"": {""cur_khz"": 648000, ""max_khz"": 648000, ""min_khz"": 648000}, ""policy2"": {""cur_khz"": 648000, ""max_khz"": 648000, ""min_khz"": 648000}, ""policy4"": {""cur_khz"": 648000, ""max_khz"": 648000, ""min_khz"": 648000}, ""policy6"": {""cur_khz"": 648000, ""max_khz"": 648000, ""min_khz"": 648000}, ""policy8"": {""cur_khz"": 648000, ""max_khz"": 648000, ""min_khz"": 648000}}"
cpu,2.601GHz,972MHz,1,0.617028,0.232906,14,6.559944,5.942916,2.590194,9.150138,3,4.939458,1.6464860000000001,"{""policy0"": {""cur_khz"": 972000, ""max_khz"": 972000, ""min_khz"": 972000}, ""policy10"": {""cur_khz"": 972000, ""max_khz"": 972000, ""min_khz"": 972000}, ""policy12"": {""cur_khz"": 972000, ""max_khz"": 972000, ""min_khz"": 972000}, ""policy2"": {""cur_khz"": 972000, ""max_khz"": 972000, ""min_khz"": 972000}, ""policy4"": {""cur_khz"": 972000, ""max_khz"": 972000, ""min_khz"": 972000}, ""policy6"": {""cur_khz"": 972000, ""max_khz"": 972000, ""min_khz"": 972000}, ""policy8"": {""cur_khz"": 972000, ""max_khz"": 972000, ""min_khz"": 972000}}"
cpu,2.601GHz,1.242GHz,1,0.563842,0.21139,14,5.78748,5.223638,2.381065,8.168545,3,3.8877240000000004,1.295908,"{""policy0"": {""cur_khz"": 1242000, ""max_khz"": 1242000, ""min_khz"": 1242000}, ""policy10"": {""cur_khz"": 1242000, ""max_khz"": 1242000, ""min_khz"": 1242000}, ""policy12"": {""cur_khz"": 1242000, ""max_khz"": 1242000, ""min_khz"": 1242000}, ""policy2"": {""cur_khz"": 1242000, ""max_khz"": 1242000, ""min_khz"": 1242000}, ""policy4"": {""cur_khz"": 1242000, ""max_khz"": 1242000, ""min_khz"": 1242000}, ""policy6"": {""cur_khz"": 1242000, ""max_khz"": 1242000, ""min_khz"": 1242000}, ""policy8"": {""cur_khz"": 1242000, ""max_khz"": 1242000, ""min_khz"": 1242000}}"
cpu,2.601GHz,1.566GHz,1,0.951324,0.651714,14,2.691454,1.74013,2.536526,5.22798,2,2.626787,1.3133935,"{""policy0"": {""cur_khz"": 1566000, ""max_khz"": 1566000, ""min_khz"": 1566000}, ""policy10"": {""cur_khz"": 1566000, ""max_khz"": 1566000, ""min_khz"": 1566000}, ""policy12"": {""cur_khz"": 1566000, ""max_khz"": 1566000, ""min_khz"": 1566000}, ""policy2"": {""cur_khz"": 1566000, ""max_khz"": 1566000, ""min_khz"": 1566000}, ""policy4"": {""cur_khz"": 1566000, ""max_khz"": 1566000, ""min_khz"": 1566000}, ""policy6"": {""cur_khz"": 1566000, ""max_khz"": 1566000, ""min_khz"": 1566000}, ""policy8"": {""cur_khz"": 1566000, ""max_khz"": 1566000, ""min_khz"": 1566000}}"
cpu,2.601GHz,1.836GHz,1,0.533556,0.217915,14,5.158685,4.625129,1.938908,7.097593,3,3.6559809999999997,1.2186603333333332,"{""policy0"": {""cur_khz"": 1836000, ""max_khz"": 1836000, ""min_khz"": 1836000}, ""policy10"": {""cur_khz"": 1836000, ""max_khz"": 1836000, ""min_khz"": 1836000}, ""policy12"": {""cur_khz"": 1836000, ""max_khz"": 1836000, ""min_khz"": 1836000}, ""policy2"": {""cur_khz"": 1836000, ""max_khz"": 1836000, ""min_khz"": 1836000}, ""policy4"": {""cur_khz"": 1836000, ""max_khz"": 1836000, ""min_khz"": 1836000}, ""policy6"": {""cur_khz"": 1836000, ""max_khz"": 1836000, ""min_khz"": 1836000}, ""policy8"": {""cur_khz"": 1836000, ""max_khz"": 1836000, ""min_khz"": 1836000}}"
cpu,2.601GHz,2.160GHz,1,1.049777,0.729028,14,3.623203,2.573426,2.861787,6.48499,2,3.478496,1.739248,"{""policy0"": {""cur_khz"": 2160000, ""max_khz"": 2160000, ""min_khz"": 2160000}, ""policy10"": {""cur_khz"": 2160000, ""max_khz"": 2160000, ""min_khz"": 2160000}, ""policy12"": {""cur_khz"": 2160000, ""max_khz"": 2160000, ""min_khz"": 2160000}, ""policy2"": {""cur_khz"": 2160000, ""max_khz"": 2160000, ""min_khz"": 2160000}, ""policy4"": {""cur_khz"": 2160000, ""max_khz"": 2160000, ""min_khz"": 2160000}, ""policy6"": {""cur_khz"": 2160000, ""max_khz"": 2160000, ""min_khz"": 2160000}, ""policy8"": {""cur_khz"": 2160000, ""max_khz"": 2160000, ""min_khz"": 2160000}}"
cpu,2.601GHz,2.430GHz,1,0.755149,0.44644300000000003,14,2.722908,1.967759,2.526388,5.249296,2,3.024201,1.5121005,"{""policy0"": {""cur_khz"": 2430000, ""max_khz"": 2430000, ""min_khz"": 2430000}, ""policy10"": {""cur_khz"": 2430000, ""max_khz"": 2430000, ""min_khz"": 2430000}, ""policy12"": {""cur_khz"": 2430000, ""max_khz"": 2430000, ""min_khz"": 2430000}, ""policy2"": {""cur_khz"": 2430000, ""max_khz"": 2430000, ""min_khz"": 2430000}, ""policy4"": {""cur_khz"": 2430000, ""max_khz"": 2430000, ""min_khz"": 2430000}, ""policy6"": {""cur_khz"": 2430000, ""max_khz"": 2430000, ""min_khz"": 2430000}, ""policy8"": {""cur_khz"": 2430000, ""max_khz"": 2430000, ""min_khz"": 2430000}}"
gpu,504MHz,702MHz,1,87.676474,87.557936,6,91.409501,3.733027,4.054648,95.464149,2,6.566215,3.2831075,"{""gpu_cur_freq_hz"": 1575000000, ""gpu_gpc0_mrq_rate_locked"": 1, ""gpu_gpc0_rate_hz"": 702000000, ""gpu_gpc1_mrq_rate_locked"": 1, ""gpu_gpc1_rate_hz"": 702000000, ""gpu_gpc2_mrq_rate_locked"": 1, ""gpu_gpc2_rate_hz"": 702000000}"
gpu,504MHz,900MHz,1,89.564665,89.36948,6,93.580619,4.015954,4.062805,97.643424,2,6.82211,3.411055,"{""gpu_cur_freq_hz"": 1575000000, ""gpu_gpc0_mrq_rate_locked"": 1, ""gpu_gpc0_rate_hz"": 900000000, ""gpu_gpc1_mrq_rate_locked"": 1, ""gpu_gpc1_rate_hz"": 900000000, ""gpu_gpc2_mrq_rate_locked"": 1, ""gpu_gpc2_rate_hz"": 900000000}"
gpu,504MHz,1.107GHz,1,91.024648,90.875027,6,94.840935,3.816287,3.968814,98.809749,2,6.477518,3.238759,"{""gpu_cur_freq_hz"": 1575000000, ""gpu_gpc0_mrq_rate_locked"": 1, ""gpu_gpc0_rate_hz"": 1107000000, ""gpu_gpc1_mrq_rate_locked"": 1, ""gpu_gpc1_rate_hz"": 1107000000, ""gpu_gpc2_mrq_rate_locked"": 1, ""gpu_gpc2_rate_hz"": 1107000000}"
gpu,504MHz,1.305GHz,1,88.0386,87.905424,6,95.952359,7.913759,8.221962,104.174321,2,14.941649,7.4708245,"{""gpu_cur_freq_hz"": 1575000000, ""gpu_gpc0_mrq_rate_locked"": 1, ""gpu_gpc0_rate_hz"": 1305000000, ""gpu_gpc1_mrq_rate_locked"": 1, ""gpu_gpc1_rate_hz"": 1305000000, ""gpu_gpc2_mrq_rate_locked"": 1, ""gpu_gpc2_rate_hz"": 1305000000}"
gpu,504MHz,1.503GHz,1,93.494192,93.364284,6,97.194636,3.700444,4.006175,101.200811,2,6.476185,3.2380925,"{""gpu_cur_freq_hz"": 1575000000, ""gpu_gpc0_mrq_rate_locked"": 1, ""gpu_gpc0_rate_hz"": 1503000000, ""gpu_gpc1_mrq_rate_locked"": 1, ""gpu_gpc1_rate_hz"": 1503000000, ""gpu_gpc2_mrq_rate_locked"": 1, ""gpu_gpc2_rate_hz"": 1503000000}"
gpu,702MHz,504MHz,1,92.577113,92.435965,6,101.563167,8.986054,8.783296,110.346463,2,16.539377,8.2696885,"{""gpu_cur_freq_hz"": 1575000000, ""gpu_gpc0_mrq_rate_locked"": 1, ""gpu_gpc0_rate_hz"": 504000000, ""gpu_gpc1_mrq_rate_locked"": 1, ""gpu_gpc1_rate_hz"": 504000000, ""gpu_gpc2_mrq_rate_locked"": 1, ""gpu_gpc2_rate_hz"": 504000000}"
gpu,702MHz,900MHz,1,87.437416,87.398981,6,95.031026,7.59361,8.303702,103.334728,2,14.784321,7.3921605,"{""gpu_cur_freq_hz"": 1575000000, ""gpu_gpc0_mrq_rate_locked"": 1, ""gpu_gpc0_rate_hz"": 900000000, ""gpu_gpc1_mrq_rate_locked"": 1, ""gpu_gpc1_rate_hz"": 900000000, ""gpu_gpc2_mrq_rate_locked"": 1, ""gpu_gpc2_rate_hz"": 900000000}"
gpu,702MHz,1.107GHz,1,91.568574,91.543972,6,99.844943,8.276369,9.043536,108.888479,2,16.208109999999998,8.104054999999999,"{""gpu_cur_freq_hz"": 1575000000, ""gpu_gpc0_mrq_rate_locked"": 1, ""gpu_gpc0_rate_hz"": 1107000000, ""gpu_gpc1_mrq_rate_locked"": 1, ""gpu_gpc1_rate_hz"": 1107000000, ""gpu_gpc2_mrq_rate_locked"": 1, ""gpu_gpc2_rate_hz"": 1107000000}"
gpu,702MHz,1.305GHz,1,91.816947,91.788716,6,103.123992,11.307045,8.932138,112.05613,2,18.966119,9.4830595,"{""gpu_cur_freq_hz"": 1575000000, ""gpu_gpc0_mrq_rate_locked"": 1, ""gpu_gpc0_rate_hz"": 1305000000, ""gpu_gpc1_mrq_rate_locked"": 1, ""gpu_gpc1_rate_hz"": 1305000000, ""gpu_gpc2_mrq_rate_locked"": 1, ""gpu_gpc2_rate_hz"": 1305000000}"
gpu,702MHz,1.503GHz,1,89.269471,89.158774,6,100.179479,10.910008,9.088786,109.268265,2,18.633397,9.3166985,"{""gpu_cur_freq_hz"": 1575000000, ""gpu_gpc0_mrq_rate_locked"": 1, ""gpu_gpc0_rate_hz"": 1503000000, ""gpu_gpc1_mrq_rate_locked"": 1, ""gpu_gpc1_rate_hz"": 1503000000, ""gpu_gpc2_mrq_rate_locked"": 1, ""gpu_gpc2_rate_hz"": 1503000000}"
gpu,900MHz,504MHz,1,88.108067,88.005261,6,92.133651,4.025584,4.006129,96.13978,2,6.769103,3.3845515,"{""gpu_cur_freq_hz"": 1575000000, ""gpu_gpc0_mrq_rate_locked"": 1, ""gpu_gpc0_rate_hz"": 504000000, ""gpu_gpc1_mrq_rate_locked"": 1, ""gpu_gpc1_rate_hz"": 504000000, ""gpu_gpc2_mrq_rate_locked"": 1, ""gpu_gpc2_rate_hz"": 504000000}"
gpu,900MHz,702MHz,1,91.529362,91.50015,6,99.87413,8.344768,8.909898,108.784028,2,16.1386,8.0693,"{""gpu_cur_freq_hz"": 1575000000, ""gpu_gpc0_mrq_rate_locked"": 1, ""gpu_gpc0_rate_hz"": 702000000, ""gpu_gpc1_mrq_rate_locked"": 1, ""gpu_gpc1_rate_hz"": 702000000, ""gpu_gpc2_mrq_rate_locked"": 1, ""gpu_gpc2_rate_hz"": 702000000}"
gpu,900MHz,1.107GHz,1,89.696304,89.668396,6,98.039813,8.343509,9.971507,108.01132,2,17.150101,8.5750505,"{""gpu_cur_freq_hz"": 1575000000, ""gpu_gpc0_mrq_rate_locked"": 1, ""gpu_gpc0_rate_hz"": 1107000000, ""gpu_gpc1_mrq_rate_locked"": 1, ""gpu_gpc1_rate_hz"": 1107000000, ""gpu_gpc2_mrq_rate_locked"": 1, ""gpu_gpc2_rate_hz"": 1107000000}"
gpu,900MHz,1.305GHz,1,89.459141,89.299391,6,98.785437,9.326296,8.780156,107.565593,2,16.797618,8.398809,"{""gpu_cur_freq_hz"": 1575000000, ""gpu_gpc0_mrq_rate_locked"": 1, ""gpu_gpc0_rate_hz"": 1305000000, ""gpu_gpc1_mrq_rate_locked"": 1, ""gpu_gpc1_rate_hz"": 1305000000, ""gpu_gpc2_mrq_rate_locked"": 1, ""gpu_gpc2_rate_hz"": 1305000000}"
gpu,900MHz,1.503GHz,1,91.347046,91.239378,6,97.988055,6.641009,4.018267,102.006322,2,9.41649,4.708245,"{""gpu_cur_freq_hz"": 1575000000, ""gpu_gpc0_mrq_rate_locked"": 1, ""gpu_gpc0_rate_hz"": 1503000000, ""gpu_gpc1_mrq_rate_locked"": 1, ""gpu_gpc1_rate_hz"": 1503000000, ""gpu_gpc2_mrq_rate_locked"": 1, ""gpu_gpc2_rate_hz"": 1503000000}"
gpu,1.107GHz,504MHz,1,92.316752,92.279057,6,100.748529,8.431777,8.892379,109.640908,2,16.198084,8.099042,"{""gpu_cur_freq_hz"": 1575000000, ""gpu_gpc0_mrq_rate_locked"": 1, ""gpu_gpc0_rate_hz"": 504000000, ""gpu_gpc1_mrq_rate_locked"": 1, ""gpu_gpc1_rate_hz"": 504000000, ""gpu_gpc2_mrq_rate_locked"": 1, ""gpu_gpc2_rate_hz"": 504000000}"
gpu,1.107GHz,702MHz,1,88.702937,88.665011,6,96.886279,8.183342,8.813387,105.699666,2,15.879294999999999,7.9396474999999995,"{""gpu_cur_freq_hz"": 1575000000, ""gpu_gpc0_mrq_rate_locked"": 1, ""gpu_gpc0_rate_hz"": 702000000, ""gpu_gpc1_mrq_rate_locked"": 1, ""gpu_gpc1_rate_hz"": 702000000, ""gpu_gpc2_mrq_rate_locked"": 1, ""gpu_gpc2_rate_hz"": 702000000}"
gpu,1.107GHz,900MHz,1,88.603859,88.54507100000001,6,96.165988,7.562129,8.560241,104.726229,2,14.948211,7.4741055,"{""gpu_cur_freq_hz"": 1575000000, ""gpu_gpc0_mrq_rate_locked"": 1, ""gpu_gpc0_rate_hz"": 900000000, ""gpu_gpc1_mrq_rate_locked"": 1, ""gpu_gpc1_rate_hz"": 900000000, ""gpu_gpc2_mrq_rate_locked"": 1, ""gpu_gpc2_rate_hz"": 900000000}"
gpu,1.107GHz,1.305GHz,1,89.186364,89.083123,6,98.883927,9.697563,8.2915,107.175427,2,16.670001,8.3350005,"{""gpu_cur_freq_hz"": 1575000000, ""gpu_gpc0_mrq_rate_locked"": 1, ""gpu_gpc0_rate_hz"": 1305000000, ""gpu_gpc1_mrq_rate_locked"": 1, ""gpu_gpc1_rate_hz"": 1305000000, ""gpu_gpc2_mrq_rate_locked"": 1, ""gpu_gpc2_rate_hz"": 1305000000}"
gpu,1.107GHz,1.503GHz,1,87.889952,87.768101,6,96.054146,8.164194,8.758693,104.812839,2,15.746960999999999,7.873480499999999,"{""gpu_cur_freq_hz"": 1575000000, ""gpu_gpc0_mrq_rate_locked"": 1, ""gpu_gpc0_rate_hz"": 1503000000, ""gpu_gpc1_mrq_rate_locked"": 1, ""gpu_gpc1_rate_hz"": 1503000000, ""gpu_gpc2_mrq_rate_locked"": 1, ""gpu_gpc2_rate_hz"": 1503000000}"
gpu,1.305GHz,504MHz,1,89.797557,89.751668,6,98.203687,8.40613,7.165138,105.368825,2,14.444259,7.2221295,"{""gpu_cur_freq_hz"": 1575000000, ""gpu_gpc0_mrq_rate_locked"": 1, ""gpu_gpc0_rate_hz"": 504000000, ""gpu_gpc1_mrq_rate_locked"": 1, ""gpu_gpc1_rate_hz"": 504000000, ""gpu_gpc2_mrq_rate_locked"": 1, ""gpu_gpc2_rate_hz"": 504000000}"
gpu,1.305GHz,702MHz,1,89.056677,89.02489,6,92.599583,3.542906,4.160935,96.760518,2,6.56623,3.283115,"{""gpu_cur_freq_hz"": 1575000000, ""gpu_gpc0_mrq_rate_locked"": 1, ""gpu_gpc0_rate_hz"": 702000000, ""gpu_gpc1_mrq_rate_locked"": 1, ""gpu_gpc1_rate_hz"": 702000000, ""gpu_gpc2_mrq_rate_locked"": 1, ""gpu_gpc2_rate_hz"": 702000000}"
gpu,1.305GHz,900MHz,1,90.334008,90.240296,6,100.924488,10.59048,8.784157,109.708645,2,18.024424,9.012212,"{""gpu_cur_freq_hz"": 1575000000, ""gpu_gpc0_mrq_rate_locked"": 1, ""gpu_gpc0_rate_hz"": 900000000, ""gpu_gpc1_mrq_rate_locked"": 1, ""gpu_gpc1_rate_hz"": 900000000, ""gpu_gpc2_mrq_rate_locked"": 1, ""gpu_gpc2_rate_hz"": 900000000}"
gpu,1.305GHz,1.107GHz,1,87.307262,87.197078,6,97.841548,10.534286,8.631203,106.472751,2,17.824945,8.9124725,"{""gpu_cur_freq_hz"": 1575000000, ""gpu_gpc0_mrq_rate_locked"": 1, ""gpu_gpc0_rate_hz"": 1107000000, ""gpu_gpc1_mrq_rate_locked"": 1, ""gpu_gpc1_rate_hz"": 1107000000, ""gpu_gpc2_mrq_rate_locked"": 1, ""gpu_gpc2_rate_hz"": 1107000000}"
gpu,1.305GHz,1.503GHz,1,90.483544,90.381915,6,98.959506,8.475962,8.595148,107.554654,2,15.825313,7.9126565,"{""gpu_cur_freq_hz"": 1575000000, ""gpu_gpc0_mrq_rate_locked"": 1, ""gpu_gpc0_rate_hz"": 1503000000, ""gpu_gpc1_mrq_rate_locked"": 1, ""gpu_gpc1_rate_hz"": 1503000000, ""gpu_gpc2_mrq_rate_locked"": 1, ""gpu_gpc2_rate_hz"": 1503000000}"
gpu,1.503GHz,504MHz,1,91.076465,91.03614,6,94.424576,3.348111,3.81524,98.239816,2,6.008941,3.0044705,"{""gpu_cur_freq_hz"": 1575000000, ""gpu_gpc0_mrq_rate_locked"": 1, ""gpu_gpc0_rate_hz"": 504000000, ""gpu_gpc1_mrq_rate_locked"": 1, ""gpu_gpc1_rate_hz"": 504000000, ""gpu_gpc2_mrq_rate_locked"": 1, ""gpu_gpc2_rate_hz"": 504000000}"
gpu,1.503GHz,702MHz,1,88.582898,88.540937,6,97.113341,8.530443,9.909499,107.02284,2,17.248061,8.6240305,"{""gpu_cur_freq_hz"": 1575000000, ""gpu_gpc0_mrq_rate_locked"": 1, ""gpu_gpc0_rate_hz"": 702000000, ""gpu_gpc1_mrq_rate_locked"": 1, ""gpu_gpc1_rate_hz"": 702000000, ""gpu_gpc2_mrq_rate_locked"": 1, ""gpu_gpc2_rate_hz"": 702000000}"
gpu,1.503GHz,900MHz,1,92.515083,92.391537,6,100.947305,8.432222,8.456592,109.403897,2,15.668645999999999,7.8343229999999995,"{""gpu_cur_freq_hz"": 1575000000, ""gpu_gpc0_mrq_rate_locked"": 1, ""gpu_gpc0_rate_hz"": 900000000, ""gpu_gpc1_mrq_rate_locked"": 1, ""gpu_gpc1_rate_hz"": 900000000, ""gpu_gpc2_mrq_rate_locked"": 1, ""gpu_gpc2_rate_hz"": 900000000}"
gpu,1.503GHz,1.107GHz,1,88.441233,88.327437,6,98.467769,10.026536,8.851906,107.319675,2,17.541635,8.7708175,"{""gpu_cur_freq_hz"": 1575000000, ""gpu_gpc0_mrq_rate_locked"": 1, ""gpu_gpc0_rate_hz"": 1107000000, ""gpu_gpc1_mrq_rate_locked"": 1, ""gpu_gpc1_rate_hz"": 1107000000, ""gpu_gpc2_mrq_rate_locked"": 1, ""gpu_gpc2_rate_hz"": 1107000000}"
gpu,1.503GHz,1.305GHz,1,92.254397,92.145871,6,100.951554,8.697157,8.69836,109.649914,2,16.141563,8.0707815,"{""gpu_cur_freq_hz"": 1575000000, ""gpu_gpc0_mrq_rate_locked"": 1, ""gpu_gpc0_rate_hz"": 1305000000, ""gpu_gpc1_mrq_rate_locked"": 1, ""gpu_gpc1_rate_hz"": 1305000000, ""gpu_gpc2_mrq_rate_locked"": 1, ""gpu_gpc2_rate_hz"": 1305000000}"
emc,665MHz,2.750GHz,1,19.648776,19.633387,4,23.899193,4.250417,4.792175,28.691368,2,7.972593,3.9862965,"{""bwmgr_halt"": 1, ""mrq_rate_locked"": 1, ""rate_hz"": 2750000000, ""state"": 1}"
emc,665MHz,3.200GHz,1,19.4371,19.418194,4,24.006535,4.569435,4.561564,28.568099,2,8.024129,4.0120645,"{""bwmgr_halt"": 1, ""mrq_rate_locked"": 1, ""rate_hz"": 3200000000, ""state"": 1}"
emc,665MHz,4.266GHz,1,19.172592,19.160602,4,23.250776,4.078184,5.165343,28.416119,2,7.728147,3.8640735,"{""bwmgr_halt"": 1, ""mrq_rate_locked"": 1, ""rate_hz"": 4266000000, ""state"": 1}"
emc,2.750GHz,665MHz,1,17.458517,17.445175,4,23.067378,5.608861,5.977204,29.044582,2,10.510991,5.2554955,"{""bwmgr_halt"": 1, ""mrq_rate_locked"": 1, ""rate_hz"": 665600000, ""state"": 1}"
emc,2.750GHz,3.200GHz,1,17.878988,17.869137000000002,4,22.059673,4.180685,4.730815,26.790488,2,7.845072999999999,3.9225364999999996,"{""bwmgr_halt"": 1, ""mrq_rate_locked"": 1, ""rate_hz"": 3200000000, ""state"": 1}"
emc,2.750GHz,4.266GHz,1,17.452757,17.429497,4,21.30972,3.856963,4.491869,25.801589,2,7.273953,3.6369765,"{""bwmgr_halt"": 1, ""mrq_rate_locked"": 1, ""rate_hz"": 4266000000, ""state"": 1}"
emc,3.200GHz,665MHz,1,14.921461,14.904979,4,17.130517,2.209056,2.660943,19.79146,2,3.787648,1.893824,"{""bwmgr_halt"": 1, ""mrq_rate_locked"": 1, ""rate_hz"": 665600000, ""state"": 1}"
emc,3.200GHz,2.750GHz,1,15.035072,15.021481,4,16.66072,1.625648,2.307361,18.968081,2,2.861638,1.430819,"{""bwmgr_halt"": 1, ""mrq_rate_locked"": 1, ""rate_hz"": 2750000000, ""state"": 1}"
emc,3.200GHz,4.266GHz,1,15.256925,15.246017,4,16.975489,1.718564,2.371898,19.347387,2,3.024101,1.5120505,"{""bwmgr_halt"": 1, ""mrq_rate_locked"": 1, ""rate_hz"": 4266000000, ""state"": 1}"
emc,4.266GHz,665MHz,1,15.27036,15.259490000000001,4,17.490192,2.219832,2.602454,20.092646,2,3.750478,1.875239,"{""bwmgr_halt"": 1, ""mrq_rate_locked"": 1, ""rate_hz"": 665600000, ""state"": 1}"
emc,4.266GHz,2.750GHz,1,15.132527,15.125038,4,16.935148,1.802621,2.347713,19.282861,2,3.081436,1.540718,"{""bwmgr_halt"": 1, ""mrq_rate_locked"": 1, ""rate_hz"": 2750000000, ""state"": 1}"
emc,4.266GHz,3.200GHz,1,17.292647,17.282924,4,21.276063,3.983416,4.56174,25.837803,2,7.476554,3.738277,"{""bwmgr_halt"": 1, ""mrq_rate_locked"": 1, ""rate_hz"": 3200000000, ""state"": 1}"
